id,emotion_label,prob_Happy,prob_Sad,prob_Angry,prob_Energetic,predicted_label
00YmdOAeDttVt2pgjVOdzT,Happy,0.9826151,0.011215461,0.0011562713,0.005013105,Happy
00bVNEAXt9YUzKj44RYvnt,Sad,0.001663743,0.9639817,0.028427169,0.0059275054,Sad
01BXlLPzI2KrdZ9k5qAmfO,Happy,0.94568276,0.04310992,0.0021708033,0.0090365345,Happy
01HCRjjmMxN5sbTfqUiUWe,Sad,0.0018336424,0.9415161,0.053473618,0.0031766456,Sad
01oxuDv2GsOoj6xxhaM8eL,Energetic,0.0100645805,0.015413084,0.10044929,0.874073,Energetic
028lsIzliUXufTSEIQi8Sx,Sad,0.007893521,0.95764804,0.02654166,0.007916746,Sad
02TZ3ucv4Cm9wJ8ZaPVHR0,Sad,0.0017618687,0.94829714,0.01928968,0.030651351,Sad
03B2SfXuvDh1m9F4tqrX07,Sad,0.0029838027,0.78566504,0.1994949,0.011856263,Sad
03ZDwfZKhjHLqk9tIzd2KB,Energetic,0.0030766793,0.29445717,0.2218384,0.48062775,Energetic
03gngsY2p3n9EDCHIYEJl4,Angry,0.10524366,0.00893785,0.015206122,0.8706124,Energetic
03xPerRZqgSLDWt5GZ148b,Energetic,0.062220793,0.25781667,0.1641093,0.5158533,Energetic
03zT9Z5ns0tEHZRlu2IQ1z,Sad,0.0042299177,0.9714399,0.02152581,0.0028043098,Sad
042GJKmO9B4MRjiQhYRVlv,Sad,0.0035342146,0.95434546,0.016578384,0.025541933,Sad
04RtemH1Vuw2QOQNJLv8q9,Sad,0.28867492,0.6945417,0.003448993,0.013334411,Sad
04U0jDfjKkSQzEpYknzR6I,Angry,0.013842064,0.86658186,0.030476507,0.08909957,Sad
04VbEMd4mpltd4CsBK0lHi,Sad,0.0025432357,0.9784974,0.015421335,0.0035380926,Sad
050sHtyoq7oUS1UEiEzU4R,Angry,0.11024139,0.15941523,0.11116281,0.6191806,Energetic
05MgwPZAPMDS7HWpdUl14A,Energetic,0.0047505107,0.00607411,0.19269615,0.7964792,Energetic
05WoAOM5qNHhprjCdVY9d7,Energetic,0.007281957,0.006662623,0.03757432,0.9484811,Energetic
05yq1rQlznpIuJ9aWipHr4,Sad,0.0024798452,0.98065007,0.007009633,0.009860545,Sad
062Ck90sEqiEZSHFsknRd8,Energetic,0.9318604,0.055400014,0.0072177253,0.0055218944,Happy
06NJqFD7awiztNRgbr8UPc,Sad,0.00278676,0.9907238,0.0034859607,0.0030035288,Sad
06dsw1xJDuBIC5AX9bZvU5,Sad,0.005248588,0.9890297,0.003184494,0.002537208,Sad
07FNiEkxcSOJL1tIOzm3wf,Angry,0.0014393466,0.06271999,0.91523534,0.020605296,Angry
08LUfVMyd4aBqct1DjAWW1,Happy,0.9924755,0.002707324,0.000810456,0.004006657,Happy
091sKVcByJjBQVc8uZHZtK,Sad,0.003608512,0.9909947,0.003621351,0.0017753844,Sad
09Xy1l4i5bdiT3aL8V3iJj,Energetic,0.10249854,0.18613006,0.025015526,0.6863559,Energetic
09w96RHP88rSbizHkuZz0Y,Angry,0.0025818306,0.24265188,0.73693514,0.017831171,Angry
0A4gEliYdWpZQeRt1en0XN,Happy,0.03491519,0.9241147,0.012255348,0.028714802,Sad
0AT7cBbyB1dweMJcQUslxk,Sad,0.025211345,0.43179983,0.4963263,0.046662565,Angry
0AyPi7kLorRYB3CK7aLHIm,Sad,0.010756498,0.6834339,0.25847995,0.04732968,Sad
0BGDhll7ZfwsaiUogb6c5c,Sad,0.023405276,0.7606573,0.0576968,0.15824062,Sad
0BSN0ZB2BL0wsuMuGCX81q,Angry,0.0029479195,0.006461466,0.9205009,0.07008971,Angry
0CMcAyfhzsxo70Qp1imSHh,Energetic,0.006566645,0.00169173,0.004560185,0.9871815,Energetic
0CbuJDBkvRMWF5jfJN0ouI,Happy,0.9921198,0.0035872448,0.0009052744,0.0033877431,Happy
0CmIALzGn4vHIHJG4n3Q4z,Happy,0.014921152,0.9797301,0.0029367846,0.0024118717,Sad
0D0I4FvXiBfO4SwhjNOdqC,Sad,0.001761342,0.9725186,0.02269682,0.0030231855,Sad
0D9yXwrLlsiCmUEDVUYLPB,Angry,0.0016398343,0.121176526,0.8674069,0.009776755,Angry
0DAEG2jnVtyiU49wdvOJQD,Happy,0.0071256165,0.06785566,0.74126244,0.18375634,Angry
0DJsKqkRjxuNpOLmq7LbXm,Angry,0.00839732,0.015031459,0.7461036,0.23046765,Angry
0ExV4N2BxqbeCa17VNYC4I,Angry,0.0066962875,0.13809603,0.045196567,0.8100111,Energetic
0FTfNiNs6rIYKczsdXzmzt,Energetic,0.012570979,0.13187516,0.33505845,0.5204954,Energetic
0Fnr9uVtG6txfh1TyIyI5s,Angry,0.01670987,0.25463027,0.6668892,0.061770666,Angry
0G2ZYmHZxXy9QK1vm9Kwq5,Energetic,0.26031584,0.003997702,0.010808938,0.7248776,Energetic
0G7MerjaxWeUf84WZe8sVQ,Sad,0.0022702138,0.779952,0.19362594,0.024151912,Sad
0GPdZOzWysIwL1tgSNUg4Q,Happy,0.93377835,0.015563113,0.0139049655,0.03675362,Happy
0HFJcdmelJKFr87hc7Dq8i,Sad,0.090630844,0.2633587,0.06625131,0.5797591,Energetic
0HRkuP4sFPLLnbWpup0OgQ,Sad,0.0033107745,0.088152744,0.8812358,0.027300697,Angry
0HSfUh0Jyngu359dLKThdD,Angry,0.0010317615,0.039317235,0.9514193,0.008231661,Angry
0IzyuP2yU1TKPFfWAmbfTz,Energetic,0.003244708,0.005964029,0.4503174,0.5404739,Energetic
0KGb9ioGAFi7nslSLNLleO,Angry,0.032692187,0.046017323,0.6469431,0.2743474,Angry
0KIm0LtFZpjwSU9tFY803L,Happy,0.6219405,0.11103722,0.027848024,0.23917416,Happy
0KWdeiXhPKY3VEY56jA238,Happy,0.56816363,0.42421794,0.002753492,0.0048648813,Happy
0KzATua65ZI5xG6pzLjlpa,Happy,0.98610306,0.009543684,0.0011007001,0.0032525994,Happy
0Lc8GyUK7i6DWn6fL4Za22,Sad,0.015777117,0.77295023,0.1463353,0.06493737,Sad
0LmthuVaNCVOKJbKYw28Uw,Energetic,0.0024848625,0.003084463,0.07927393,0.9151567,Energetic
0Lp7n39iTWOfH27pXl6B1d,Happy,0.9366934,0.0146623785,0.0031900888,0.045454126,Happy
0LxN6gtI8oVH4tTiTutvXG,Sad,0.0022231382,0.9650346,0.029321488,0.0034207953,Sad
0MjLThBcIuEONByPm9Y2E9,Energetic,0.002741351,0.0026622147,0.042554166,0.9520423,Energetic
0MozqrZuEeePAL4C6FuQcJ,Sad,0.09336628,0.31865513,0.570549,0.017429536,Angry
0NfoHdgb5Xhd32qWx2RsBI,Sad,0.0022788795,0.7359553,0.25350732,0.008258529,Sad
0Pz6I9ljl34xKw6jKZszrY,Energetic,0.021824935,0.33033854,0.18550979,0.4623268,Energetic
0Q0Vl9fKJF5MDxfVKbD78e,Energetic,0.9569636,0.023778051,0.0045495667,0.014708827,Happy
0QOdIKSM3DIC3SBd0HbtM3,Energetic,0.0073331767,0.0024721306,0.00375365,0.9864411,Energetic
0QeA61BO0LvvgsjwoFEM3p,Angry,0.011802347,0.25166637,0.20396046,0.53257084,Energetic
0R30CCcE6SJGaRrvjc0qeO,Energetic,0.003067427,0.8542013,0.051482193,0.091249004,Sad
0R65qkFygRF8FB4iX9VndY,Sad,0.00438052,0.93692684,0.036770258,0.021922367,Sad
0RZbhcURL5DBYM1099W3qw,Happy,0.28019875,0.28905332,0.33358794,0.097159974,Angry
0SCBGNolTKK8hfwWaZ5DBi,Energetic,0.010555339,0.004444531,0.021312177,0.96368796,Energetic
0SYQIiHbmLEeZ1FWr40iev,Sad,0.03050939,0.3279728,0.24696562,0.3945522,Energetic
0SaaGU05y8slEYFW0Yro4r,Sad,0.40127987,0.19431043,0.063145086,0.34126455,Happy
0Spm6fjntrn9IXqfR1MHCD,Sad,0.0030742695,0.9343248,0.048807167,0.013793723,Sad
0TxkpEuyQT4r4zHzRoecc3,Happy,0.9791781,0.0073950486,0.0022439389,0.0111828465,Happy
0UTV01qSgSNIQKBvjjKl6l,Sad,0.002126176,0.9888568,0.00725531,0.0017616826,Sad
0UfKLCEVMAuXk4kr9qJ3Hd,Sad,0.029185753,0.94786125,0.016586835,0.0063660895,Sad
0Uk505wmahd2E26eXYcOe1,Happy,0.15032935,0.004935821,0.082199454,0.76253533,Energetic
0VGzJvzusos637R8a5q7uY,Sad,0.147557,0.51082677,0.1643779,0.1772383,Sad
0VbN8JIzRspzwOCp6c5d3L,Sad,0.0017796104,0.84382313,0.14545733,0.008939897,Sad
0VclhoiOCipZpX0Ih5I6uA,Sad,0.0029476376,0.9899354,0.0041376776,0.0029793177,Sad
0VpwHOIAAWoeOgM8KFoirT,Energetic,0.0052802153,0.0052727875,0.040358055,0.94908893,Energetic
0W6KC2NOpafrDHDsdmjn15,Energetic,0.003481976,0.17896153,0.74408096,0.0734755,Angry
0WlNuiiMIAmSN67LhqH6zm,Angry,0.0017901534,0.023970125,0.96708316,0.0071565416,Angry
0X96iz2jx2olblUq0ZaQgC,Happy,0.95882654,0.02541467,0.0014703812,0.014288349,Happy
0XOzBbaEELO273uUbDlwcv,Sad,0.0026465165,0.4168869,0.5446254,0.03584125,Angry
0Y4ips2LdOj7jbQwZRTpdz,Sad,0.0024739439,0.9697529,0.021190088,0.0065830564,Sad
0YCWJ18oDgNiCuA3CYWBFU,Sad,0.0056613055,0.9760562,0.011695518,0.006586928,Sad
0YvzawIC5nFFYj5YAvv5HP,Happy,0.27673888,0.49597177,0.023205414,0.20408392,Sad
0YxzewzzNrthLQVW4qthEW,Happy,0.7784457,0.1952874,0.014380839,0.011885975,Happy
0aViFoNHWAdTSCXouGQwFM,Energetic,0.0826705,0.0020548296,0.017523766,0.8977509,Energetic
0bICb3YSdsgg0lIYPr6mvn,Sad,0.006759735,0.9868361,0.0038849418,0.0025191675,Sad
0bZI5gaHxZADn5rZoqiRxH,Energetic,0.019575521,0.002038686,0.03617333,0.94221246,Energetic
0cN2JkJqqIF2gu9ZbUbuwk,Energetic,0.06227555,0.008055428,0.01785003,0.911819,Energetic
0e1R0j39dCh1DoZmrnq2Ia,Energetic,0.002359788,0.019719196,0.71849567,0.25942534,Angry
0e3ElMapLJIe0uIchrFVBt,Angry,0.002499864,0.95938706,0.018350068,0.019763036,Sad
0e6Ey9Clo2ldw5eAOfcIkH,Sad,0.023563113,0.9597663,0.011668002,0.0050025717,Sad
0eX6JVIY4CDqEqhwlYwy7t,Sad,0.0029471838,0.9901625,0.004819423,0.0020709536,Sad
0epHIdIpb6F2eRbuj4yIRq,Angry,0.006086713,0.06677805,0.74104893,0.18608627,Angry
0eqBbv9N3U34dRwjbKnWqo,Angry,0.097723775,0.15230517,0.049514428,0.7004566,Energetic
0fhpUfg3hPSafKZKY9HubU,Energetic,0.0014015548,0.009104006,0.84228766,0.14720672,Angry
0gMgTK20EsVLhbJX9xnuqj,Sad,0.002516014,0.991359,0.0035926974,0.0025323434,Sad
0hBzDEC2hLBHujWtPbz3TJ,Happy,0.6068989,0.3837555,0.00530229,0.0040432457,Happy
0hYBKhln0aqDgRuzboUYcQ,Angry,0.028887417,0.7642848,0.12198071,0.08484709,Sad
0hcon9t6bXK1CHOsElcWPa,Energetic,0.07880299,0.0045551322,0.023128467,0.8935133,Energetic
0hioWv2FDtVePjHFTwgrf7,Energetic,0.003984681,0.005644066,0.25686195,0.7335093,Energetic
0hzfbW8wQNwxTA73mmXCdU,Angry,0.0021009583,0.010600951,0.6637564,0.32354173,Angry
0i5el041vd6nxrGEU8QRxy,Energetic,0.017236423,0.005681331,0.016669624,0.9604127,Energetic
0iG0TbCGoPAZtLupaeZN5o,Sad,0.0030274787,0.9833198,0.008803887,0.0048487796,Sad
0iI1EuXa63rj7pkzkZi3l0,Sad,0.006074353,0.97944504,0.009045163,0.005435419,Sad
0ihml7QtkRT1lwXr2584NQ,Energetic,0.0046561817,0.06592722,0.87550604,0.053910583,Angry
0j5E1yom7T47wgH0LynPq9,Sad,0.0043421765,0.9903523,0.0034028569,0.001902687,Sad
0jpsyGCgv8fKzgfKrKXFNg,Energetic,0.0024503563,0.003962357,0.060136054,0.93345124,Energetic
0kMOMGe5UgO2gm2z6kAzEt,Sad,0.0014443807,0.98345554,0.0118476385,0.0032525558,Sad
0l25tWS4KJG1mgtZD49GaK,Sad,0.0024355643,0.9694162,0.025517335,0.0026308778,Sad
0l9OAZg5f98Of2syIS1ukV,Energetic,0.008229845,0.45689163,0.24633525,0.28854325,Sad
0lOwovuY6xQYXzkVcHjn3E,Energetic,0.024402533,0.7083938,0.2271678,0.04003591,Sad
0lZmEIyOSPxtUa5Pq2BB87,Energetic,0.0019003414,0.009212538,0.60852283,0.38036427,Angry
0lrMxtTs1K0sbldgHLcmBQ,Happy,0.31873068,0.51631093,0.09016327,0.07479509,Sad
0m6yAZWY2hyBixCLT4LtRT,Sad,0.003464881,0.92391133,0.040061623,0.03256218,Sad
0mavsRm4hDDzkSNSdRuvsy,Energetic,0.004379417,0.16723904,0.2508212,0.5775603,Energetic
0nIbJCuxdBILPGue0hxGpH,Angry,0.0009898109,0.025789743,0.9388167,0.034403723,Angry
0nSx7t36shLx7gZpI1LpDL,Angry,0.007795837,0.52062625,0.4292839,0.042294007,Sad
0nfUOSvcUfntw9a44vtlOb,Energetic,0.008886557,0.0013874732,0.0032953632,0.98643064,Energetic
0nm73kSN7QXM7zU9rlolex,Happy,0.91818535,0.013769178,0.0032449658,0.06480048,Happy
0nmfRjxDxOhs2CggxvGPHS,Happy,0.08147322,0.0038498612,0.0036721397,0.9110048,Energetic
0nrcBf21XEcXy8QesYxPfT,Angry,0.06413146,0.009752637,0.31761393,0.608502,Energetic
0oCUs1tUJZTs7FwUbjt4eA,Sad,0.005578929,0.9852073,0.007562561,0.0016511464,Sad
0oR7PhC3tfoTOKgjKl16Oc,Sad,0.2141914,0.45719558,0.17879114,0.14982185,Sad
0ojVstqoPEHYAvKyi1ZvTi,Energetic,0.020436624,0.4309698,0.03953096,0.5090627,Energetic
0qWEDsHDYv219jkH2OxawB,Happy,0.98676103,0.0069264974,0.0015947963,0.0047176266,Happy
0rNEqhPY3PeLQEe4yICPUk,Energetic,0.0015234037,0.007743772,0.72624177,0.26449108,Angry
0suQNBKzH6au0CYbrnk1OU,Energetic,0.0057403147,0.9451275,0.012711063,0.03642103,Sad
0svC4bTiFjGbAf6Jje4FUi,Sad,0.0017229908,0.98703986,0.009510418,0.0017266802,Sad
0szB9K2XrGTprouR51fuzK,Energetic,0.005925783,0.62790257,0.13734509,0.22882655,Sad
0tOQhfeg8W05m4huhzE0bK,Sad,0.0012171981,0.950476,0.04063241,0.007674341,Sad
0tep4VHutBaCo12oEh9akX,Energetic,0.15436098,0.014321388,0.027499685,0.80381805,Energetic
0u7YJmGSIvecnSDYiJ3aBy,Energetic,0.002728744,0.26007146,0.34161273,0.3955871,Energetic
0uOeAmfdyaekD2RIGwCDwq,Sad,0.0045291223,0.94246686,0.02935734,0.02364667,Sad
0v1QmcOMmOPpV5CKK3FEve,Energetic,0.0717691,0.54640514,0.1908576,0.1909682,Sad
0v6SWAz8C7tP2o5KKq1s5H,Angry,0.0045147794,0.004988665,0.42787972,0.5626168,Energetic
0wUB0w6d8eWcreo4G9jTLl,Energetic,0.00527857,0.0060795494,0.016691385,0.97195053,Energetic
0wk8yxM4fomG6aECfELq5V,Happy,0.99023813,0.0029695795,0.0017025571,0.0050897114,Happy
0wlFXHlZqVaLd6AInYsmhx,Energetic,0.0031842694,0.0018592473,0.0055510695,0.98940545,Energetic
0woS54VNR4OZBGpoyNX21S,Energetic,0.27047592,0.01161497,0.023146182,0.69476295,Energetic
0wym1GPsDnhfGMWs1nPs9q,Sad,0.0018429464,0.987414,0.008735619,0.0020073755,Sad
0xTaPePWmujrXiPGFukUid,Sad,0.46319973,0.519135,0.008385716,0.009279608,Sad
0xfM2ZENV3e6YicfMNnQHX,Sad,0.00367364,0.9162519,0.07146376,0.008610726,Sad
0xlzTtb6ClOLj97koomlIr,Energetic,0.010805111,0.039241396,0.41869545,0.531258,Energetic
0xofSwWPv9DVUorYFhHPQ7,Sad,0.0029070522,0.9731636,0.011954727,0.011974558,Sad
0xpWOnW0VufrncnqgfFpR1,Sad,0.012800481,0.93357664,0.05142456,0.0021982838,Sad
0ytR1crCeDa016jH0xPa9o,Energetic,0.0025110056,0.0035004928,0.38708314,0.60690534,Energetic
10IBstzGdLMMwtxTiefXtm,Energetic,0.0020538545,0.0041238754,0.24832293,0.74549925,Energetic
10Z6ULJqWFWclrYqqpxlGA,Angry,0.003707657,0.53792334,0.43875897,0.019609999,Sad
10b8rIFRxFEnqKAt4mCEf4,Sad,0.010740129,0.5751176,0.36919868,0.04494363,Sad
10bt2wAkFgCWRCEOyAyWT9,Sad,0.0017934316,0.962908,0.03184471,0.003453875,Sad
12hrCYk7XS8ZZn6LCDb04O,Angry,0.0021879228,0.9503547,0.040146817,0.007310585,Sad
13CLufSzf72lwWXJrEvzF7,Energetic,0.026568316,0.001565561,0.004045466,0.96782064,Energetic
13PDtpRgQ7FT3mdoziwl7Q,Happy,0.9733447,0.0056883395,0.0017217218,0.019245284,Happy
13kQc74M53trbc6hCJcwpQ,Energetic,0.6250861,0.023917452,0.012013751,0.33898273,Happy
15E8uTV7DMIs3E9vZLuJHX,Sad,0.0023008985,0.9479063,0.043432,0.0063607693,Sad
15H2Vl5IGY0BzRjrL6Yp0B,Sad,0.0051369257,0.817753,0.1603567,0.01675341,Sad
16IP8qoidJ47dOPDkByCfm,Sad,0.001597839,0.96262693,0.033059686,0.0027155448,Sad
16MQETUgqXwY4lZcyRafU3,Happy,0.0072724256,0.96667475,0.015130155,0.010922658,Sad
16RuU8IbPwNRMzbYT0hj2N,Sad,0.003940651,0.9641546,0.02803401,0.003870776,Sad
179qiX5V2W59Dau5RnwJww,Sad,0.0017653486,0.85965323,0.11595146,0.022629963,Sad
17LndP1IOtgzdzeBS21ytf,Energetic,0.002776926,0.0030179848,0.10730362,0.8869015,Energetic
17ZCxegdCt1y0reBkHVmMB,Energetic,0.0031172023,0.05413776,0.36199924,0.5807458,Energetic
17gwwkDyrM9lGCYWG8WnzU,Energetic,0.0045203636,0.10955133,0.85023475,0.03569361,Angry
18D7V8uMb2v53dadhOMJxK,Sad,0.002192672,0.9780782,0.017241456,0.0024876532,Sad
18QyNQAUbyId4RQjl0BsPp,Sad,0.0015966587,0.9815482,0.014035531,0.002819691,Sad
1936vFNafyF15O6dqbpBYJ,Sad,0.0030284883,0.9890408,0.00543056,0.0025000952,Sad
19ihEHhT75cZXJMNGZnuQm,Energetic,0.3500423,0.068414286,0.02045663,0.5610868,Energetic
19isNY7Hvhg0Mw7skGLHqT,Sad,0.0067875837,0.71484184,0.05912061,0.21924995,Sad
1A6yb52LhBGfAxM8b6alRA,Energetic,0.00997801,0.041072764,0.7685082,0.1804411,Angry
1B53Y95tPd4ah4FExO0egE,Angry,0.009394771,0.006801717,0.21416341,0.7696401,Energetic
1BD5x3rItcYVVNhICW0naD,Sad,0.0030528426,0.9876518,0.0042479634,0.0050473656,Sad
1CV136LfUDcRw9QIqJB1yG,Energetic,0.013695808,0.007279426,0.037605036,0.9414197,Energetic
1Ckd4d6vkhvOp5HlAc5Ie2,Happy,0.5760907,0.017023822,0.005333851,0.40155166,Happy
1CoUxMjpkohCWJi4JAQFKB,Angry,0.004183217,0.26864266,0.71108633,0.016087811,Angry
1Ct26988kxjgDfSBCljTnH,Angry,0.016835952,0.5576758,0.31855994,0.106928326,Sad
1D9QqNCGwgKJVVct8fcBpx,Energetic,0.00914934,0.94518447,0.009660285,0.036005877,Sad
1EDqACgrpfksCWb6LJeYe4,Energetic,0.06558359,0.036091518,0.11275557,0.7855694,Energetic
1F6YDAoqqaVay2ATIe3qEl,Sad,0.035752002,0.95745236,0.0042722058,0.0025234143,Sad
1F9erK4fhwVE50d18XfD2i,Energetic,0.06484365,0.007436386,0.20860355,0.7191164,Energetic
1FOBiF1TeyCiLJi7bBUOAG,Angry,0.0014781463,0.36135527,0.6284597,0.008706857,Angry
1FqGIiTQT5Ij2mdQyngUUu,Energetic,0.0027436493,0.001419272,0.015851164,0.9799859,Energetic
1HAOOx6F8g9kjoOr9fxpEm,Sad,0.01240175,0.9804112,0.0029602298,0.004226883,Sad
1HFOQvrNtahAgdB3ANygAJ,Angry,0.4703151,0.008624453,0.010334268,0.51072615,Energetic
1HWa2qFQG4hj7L4PvT0Nqe,Energetic,0.001419072,0.9874857,0.0070278877,0.0040673483,Sad
1HavfQFL4V8nIyWlOIzTxw,Energetic,0.019373246,0.4280312,0.159423,0.39317256,Sad
1KGxFJAw6JlHLdsTeTFEDY,Happy,0.05168389,0.84300697,0.053140428,0.05216879,Sad
1KTATOpj89tGrCFrPioCnh,Sad,0.014334934,0.97632784,0.004211739,0.0051254975,Sad
1Lc5EThRXu9jNI5GoplKU0,Angry,0.017708085,0.17153366,0.5415008,0.26925743,Angry
1LkwlyNEmhMaY0rbhxJq6R,Sad,0.0027078213,0.9864346,0.0074392343,0.0034184628,Sad
1Mmk14hs9YUv6gGHMejagP,Sad,0.0031175036,0.43609414,0.547715,0.013073325,Angry
1MxLOkIpheX48rQD5urPRS,Energetic,0.05295038,0.0111539215,0.15014866,0.78574705,Energetic
1N6leCTc9rHlTPElTksZf2,Sad,0.01905858,0.9281313,0.0480788,0.00473132,Sad
1NGpVJjyQpsZRURcJTplfk,Energetic,0.024232201,0.0017738054,0.006415116,0.9675789,Energetic
1NHsYfWMlDzCJEOOM3bIFY,Angry,0.0034055263,0.8288296,0.16222918,0.0055357534,Sad
1NnC5rXo0rgroYTW0HvD9s,Sad,0.0046048313,0.9555683,0.030704916,0.009121885,Sad
1OEhUlZXf2MUzZ0aDC7Zwy,Sad,0.006320169,0.98351985,0.004182423,0.0059775733,Sad
1P44A0meaaJ6zO0jatkCQn,Angry,0.017536739,0.017764688,0.14169976,0.8229989,Energetic
1QQ4en815zg3mtDHhKlaHV,Energetic,0.0047894805,0.004994963,0.01855444,0.9716611,Energetic
1QRKeAlaLqJUeCWMBRP20A,Sad,0.018058833,0.97512233,0.0038259698,0.0029929292,Sad
1Qnq4joyteTwG7TIu2Upu1,Angry,0.0016405018,0.13393155,0.8555868,0.0088411,Angry
1Qpt1VHXhqAQydEvRKWqcE,Sad,0.00156358,0.97844875,0.017760778,0.002226865,Sad
1R1B4ToHa8KZ4LAObK12Pv,Angry,0.0019499691,0.010825825,0.9614348,0.025789479,Angry
1RSDFzW5aa1RWyljYsa9tS,Energetic,0.015955636,0.0038763657,0.037679024,0.94248897,Energetic
1RWmKIfqOqzvjTuJlkRIEt,Energetic,0.0068575917,0.0010104415,0.004396208,0.98773575,Energetic
1SJLk5RRfFJ6sDSoooZCqv,Happy,0.9882626,0.006028127,0.0009768462,0.0047323545,Happy
1SXnEl6HKPKea9nG4nh2uJ,Energetic,0.0138317775,0.00465038,0.18603624,0.7954816,Energetic
1T2r3JW8Q6jN2sUw3m0zuq,Energetic,0.031891953,0.71280485,0.020446735,0.23485649,Sad
1UBAargLLJoXsYoCKopMAs,Energetic,0.0015134545,0.001449765,0.01354957,0.98348725,Energetic
1UIUkZtlgyrjPcH2agNomU,Angry,0.0017174085,0.006708684,0.345553,0.64602095,Energetic
1UTX3QSo7JN8o4X5GAO0aE,Happy,0.467053,0.51888764,0.0074912887,0.006568105,Sad
1UhYpKwdFiAefEXB6GJs60,Angry,0.015215851,0.7441714,0.19250202,0.04811076,Sad
1VR7IKB3URO7FLJw0DJO4A,Happy,0.012425512,0.39442977,0.5273672,0.06577752,Angry
1WAzTH0BCbpj28NLfL8psx,Angry,0.007895869,0.26842815,0.5749437,0.14873227,Angry
1WMCo6R6sv184TzgYtGuDZ,Angry,0.0060565937,0.016653098,0.84708,0.13021034,Angry
1WrIejyLoLtWyyKLOQjgNF,Energetic,0.23334283,0.00859925,0.04125559,0.7168024,Energetic
1X02gO2KFm67K01JvuIML5,Angry,0.009062275,0.03156457,0.8359746,0.12339853,Angry
1XKchmOVVAhSlJzDuBoQa1,Energetic,0.037909273,0.0067953416,0.012036601,0.94325876,Energetic
1Y5I7FC3oxhCBJLugUZNS1,Angry,0.030824369,0.7772369,0.10709285,0.08484593,Sad
1YWy15CcdCrVugRJOZxuc7,Happy,0.01364638,0.08327409,0.2924501,0.6106294,Energetic
1Z1aXnOH9OV9NGK3lou6bs,Happy,0.035673343,0.3591484,0.025322346,0.5798559,Energetic
1Z2RPyd65zKokbCUZBitBq,Happy,0.9598781,0.020753616,0.00325956,0.016108738,Happy
1ZGj8KAuj4D81LnwH5FQYy,Sad,0.070976436,0.18844646,0.013443802,0.7271333,Energetic
1ZoG6un9BK3ahHwvFnHj0l,Sad,0.0016027875,0.931722,0.06332276,0.003352427,Sad
1aFfX9FFcDwSbCOAiMZxiv,Angry,0.010476476,0.66044456,0.08846806,0.24061097,Sad
1aStL4UVtqCD4wo2sdhxdZ,Sad,0.09684949,0.31006494,0.14589697,0.44718853,Energetic
1b0QKU3QxqpWDsrdvTuvpM,Energetic,0.3809616,0.31421044,0.13410327,0.17072473,Happy
1bjrmpvjo6ZLQAOE4EtxI2,Happy,0.98358923,0.0078418525,0.0010442872,0.0075246193,Happy
1cJd6VdFagpstxbOxNxPrt,Angry,0.0013174919,0.03811165,0.888278,0.07229288,Angry
1cXc92MX9kFjMrrDsvdf9w,Energetic,0.004307113,0.0009682332,0.006372309,0.9883524,Energetic
1czTEhNN6T7PHxuPoobuIp,Sad,0.0014627128,0.90412307,0.08908529,0.005328901,Sad
1dCeTKR5OsVP4uayEYFwuR,Energetic,0.0019714031,0.0015035548,0.013984708,0.9825403,Energetic
1dHebEOaKjXL1qAQd5Woqm,Angry,0.06336971,0.39421576,0.4360495,0.106365055,Angry
1eEXRlGcxJiRuuNVYiEIrg,Angry,0.0033862712,0.4225952,0.5516905,0.022328064,Angry
1eQZO6sYIlwmIwM9bEqhyX,Sad,0.0012399182,0.932697,0.060202204,0.0058608204,Sad
1fBaPpiFIepmaMkJqHcPBh,Sad,0.008052583,0.80101484,0.1613166,0.029616004,Sad
1g0XWggBPVc8BMQERcxVBK,Energetic,0.0054795155,0.014350918,0.49911317,0.4810564,Angry
1g38zUT9uosG3y7DcSQuuc,Sad,0.0053554066,0.65334046,0.21084303,0.13046102,Sad
1gZZyC3EEw8hwqoYRZqypC,Sad,0.035352875,0.2508342,0.3150983,0.3987146,Energetic
1h80BrZeZ4GD9Vb4KLrWU3,Energetic,0.0011891385,0.001813585,0.1246778,0.87231946,Energetic
1iZRyN9aA1pYdD3hqYxNec,Sad,0.0013890958,0.98828757,0.007977078,0.0023462,Sad
1iqGSxaYauHQg76f09iy9W,Sad,0.0019388975,0.06822768,0.90394413,0.025889302,Angry
1jXJ8dFXYQxfsUl1lmdeHm,Angry,0.0065285205,0.780139,0.18485038,0.028482098,Sad
1kIExRNncDWe7eIUktX3bL,Energetic,0.0010516724,0.007658332,0.8434962,0.1477938,Angry
1kQquiTtzZ8hEvRHJnZPKp,Happy,0.99046844,0.0023221055,0.0010284602,0.0061810035,Happy
1kajtwNuJVTxnvzv46ImmG,Angry,0.0067650257,0.03779003,0.91222364,0.043221362,Angry
1l77nboPor0ZYLYg55PMPV,Sad,0.0056288675,0.9849437,0.0047534355,0.004674062,Sad
1lOYEls9NU3jKJaJQTs5I9,Energetic,0.00991214,0.0010307948,0.003073589,0.98598343,Energetic
1m5Bx1qqVZTY55JezAFNfD,Happy,0.0048939055,0.005496778,0.03384619,0.95576316,Energetic
1mDZyqgCNUq4EgbCyEaZdK,Happy,0.39899206,0.43675175,0.026681446,0.13757479,Sad
1nG7aplzCjl37v5Cfv41e4,Angry,0.0021061294,0.3274983,0.60076064,0.06963493,Angry
1oJtvLZx73WE9HxdpvQy4U,Energetic,0.5186129,0.016430968,0.17504188,0.28991422,Happy
1oZVGPV7KSZZLZ3lQNiEIl,Happy,0.98714703,0.0073674587,0.0017906078,0.0036948607,Happy
1ojzX1dmd5WkeNzEHusB1d,Sad,0.058980983,0.9202171,0.0078269215,0.012975018,Sad
1pQ8pWhAauugi0J6mgIICP,Sad,0.005058005,0.9570048,0.030398374,0.007538809,Sad
1pSx3k1uZCMUoAsGyvdi48,Angry,0.11154338,0.21416481,0.6365027,0.037789173,Angry
1pXa1plqNMCui7RXDcRHdJ,Sad,0.0059739356,0.7278344,0.24672869,0.019462975,Sad
1pd03Scvo5jDIcApaONv0F,Angry,0.007030038,0.66967255,0.2652121,0.058085248,Sad
1q5oc0sLAbm0sCjuT2A7o4,Sad,0.002048931,0.9910876,0.0045190854,0.0023443932,Sad
1qNcvgvgpxqTcySVGdNdyN,Energetic,0.071131594,0.0028636835,0.011195096,0.91480964,Energetic
1rPIJOCSPOKDeprk7gi0aX,Sad,0.004282566,0.7761205,0.1737573,0.045839597,Sad
1rPm2vsc150LEkkcqAhx3B,Angry,0.020645162,0.34153405,0.41299096,0.22482981,Angry
1sU43Gxsf7ALtPzZ4j3tvu,Happy,0.06475479,0.85581774,0.01688141,0.06254612,Sad
1sa6kxR2aSpulTXckt9fxu,Sad,0.0038242165,0.39570442,0.55166817,0.04880315,Angry
1t00kKXps3tHZVQ3mb4uOF,Sad,0.0015857627,0.9367442,0.054536548,0.007133452,Sad
1tBDAjCLpdGek7fFSMaDd3,Energetic,0.3194641,0.076769836,0.13318644,0.47057953,Energetic
1ufgyqdgmSiBbAfpwoI5CJ,Angry,0.0047323164,0.029065594,0.6306266,0.33557546,Angry
1vZ4Kpf3RB9zQPhEn4lAkc,Sad,0.007537758,0.8536191,0.114671946,0.0241712,Sad
1xCRBvIoVuCeG7LhxSEFVg,Happy,0.011439499,0.007406255,0.04473715,0.9364171,Energetic
1xEbN8O5cJFnaykZtmJSZo,Sad,0.0029739162,0.89785045,0.09206156,0.0071140933,Sad
1xthhWTb2LhrpSK0rX9rQn,Sad,0.0020769213,0.9871155,0.0065940595,0.0042135403,Sad
1y6DJDkhlYz6X35HV7BgsK,Sad,0.0011975544,0.96978384,0.015114042,0.013904514,Sad
1yGFj2Npn2pPSLwCjtgYLL,Sad,0.01658397,0.21492109,0.36304992,0.405445,Energetic
1yZ9caZrNRfzMYU9t9BZu1,Sad,0.021600166,0.9694946,0.0070609474,0.0018442896,Sad
1zMCK5xnE46zR9E4aD3VFQ,Angry,0.034855943,0.083058305,0.26222518,0.6198606,Energetic
20LtvOnJjrNZYdhwYPvaIb,Energetic,0.009229986,0.0027586455,0.006065058,0.98194635,Energetic
20Qzs32nMoi0qlaOqEObPd,Energetic,0.0019919812,0.1144056,0.31013888,0.57346356,Energetic
20S05iXji9vJ9cNXr8Lcue,Sad,0.025921965,0.96103734,0.006012015,0.007028595,Sad
20V3DAQIrFJORvTlVOyqoa,Angry,0.0031051561,0.18598944,0.79336894,0.017536491,Angry
21TTxA4gYkJUB9Xf2ugMTF,Sad,0.012904373,0.65009433,0.3271147,0.009886636,Sad
22AbXxQbMdVqEz7xJjhccG,Angry,0.003720026,0.008759859,0.3017838,0.68573636,Energetic
22G9vkCkEcjiepWqN8Eg5e,Happy,0.03809179,0.4891444,0.44922504,0.023538738,Sad
22iRJyuVt7nm19ww7pRHKu,Energetic,0.0064256876,0.0011394871,0.0041970992,0.9882378,Energetic
23BnMRBGPQHfX35AIcKPFL,Sad,0.006822621,0.9737959,0.012300427,0.0070811515,Sad
23lRuxf6oLJmmUmkh6cSm0,Angry,0.0014117444,0.9227203,0.061804965,0.014063003,Sad
24CWk7JxlEfaYachLRfWXU,Angry,0.0017988579,0.2827385,0.6735693,0.041893285,Angry
24FjGB5MIDOE9UpTFOfyss,Happy,0.9801789,0.015228317,0.0018270555,0.0027657829,Happy
24ryBY1m0BMTWcqBjGRlK7,Energetic,0.012179564,0.17989622,0.35179353,0.45613065,Energetic
25pM7uBOdHrdT25kThFEEH,Energetic,0.0033214695,0.012840861,0.020082662,0.963755,Energetic
26npsVbbxWeOlqcuUo0KiP,Sad,0.004122277,0.05201466,0.068504795,0.8753583,Energetic
27i2jApwLeyWNudE7A0cT8,Sad,0.002148033,0.9735999,0.019463388,0.004788633,Sad
27ruZRRrJomRQZyCEfi5TU,Angry,0.0010811294,0.03934004,0.77892303,0.1806558,Angry
286avT1hvl1uDHyJnvirxb,Angry,0.0014915575,0.022162534,0.94443035,0.03191551,Angry
28iQ5hYn9qJefp95zmwhEk,Angry,0.0011059896,0.005168854,0.87464386,0.119081266,Angry
29JOtyhGMv2gfikATHJlCF,Sad,0.031805634,0.6005057,0.03887267,0.32881603,Sad
29o1QiuTxSijX95vAvPHtH,Angry,0.0155104175,0.5097598,0.2752347,0.19949505,Sad
2ASmWXuLUGeDgO5sk22JqM,Sad,0.002769794,0.9897966,0.00499703,0.0024366644,Sad
2BEnPwKbE5eyVjlSYT7Ct3,Sad,0.0032620062,0.9775857,0.010930991,0.008221398,Sad
2BqeIK9QbPJliq0Zmi7Bwm,Sad,0.001737423,0.9904185,0.004995072,0.0028489195,Sad
2BtY1PUmHXgK65Jfh1qavU,Energetic,0.009427338,0.0013278595,0.0030888338,0.986156,Energetic
2C0sqGNrzgKUwiKeJiOPSa,Sad,0.0028779334,0.98184985,0.009271009,0.0060011833,Sad
2CHMGqQtZBM4spd3vmQ3E4,Happy,0.076358885,0.039595336,0.51891285,0.3651329,Angry
2Ch7ILFzHg8Ss7IxVfNvKp,Energetic,0.11021866,0.787668,0.0103388205,0.09177446,Sad
2DGp1fQzgxEEtmZJB6NsIM,Angry,0.0010313062,0.013744685,0.8976424,0.087581605,Angry
2DcOhk7VrtahPDRlS7s4B9,Energetic,0.03102074,0.0011953795,0.006590412,0.9611935,Energetic
2EMvy7vKvsdN0MluggM6vw,Angry,0.00081445865,0.020469742,0.9542434,0.024472341,Angry
2EneMuYS368ydfTd09oDoi,Sad,0.0029634964,0.98476726,0.00954599,0.0027232291,Sad
2EpUHz5TqbAAQ8iweD75p6,Angry,0.0022080005,0.046459816,0.7263369,0.22499529,Angry
2GUVzvrOhwAwTsDrZcyPQU,Energetic,0.016132066,0.007162427,0.034311503,0.942394,Energetic
2H4AeyoipnZLiLnjKwKVVV,Sad,0.0051878137,0.9846506,0.005239242,0.0049223523,Sad
2H4M3lyO2rJFQw33idCk1X,Angry,0.02706549,0.051298052,0.84249467,0.079141796,Angry
2ImIoRW6jyvGmJH52xVktH,Sad,0.0072896276,0.15421532,0.5705476,0.26794747,Angry
2J58Tkk5IfJIQjqJgD1km4,Happy,0.07547934,0.85405093,0.030189775,0.040279962,Sad
2J5wKnFgj2ivetaz4kolkT,Sad,0.0019527607,0.9876787,0.005180841,0.005187589,Sad
2Jv0U6cRrB2lvyGHyuNSBx,Sad,0.0019782057,0.84529346,0.1480193,0.004709031,Sad
2K0r5GD5zYlEMx2M7ZMcqG,Happy,0.49831375,0.44071478,0.0058387993,0.055132695,Happy
2K9flHsIQNruLaYDU5oyP2,Happy,0.15897119,0.07733855,0.054121964,0.7095683,Energetic
2KYd340eV6zVBifxOkKzZd,Angry,0.0018150066,0.9617757,0.029799689,0.006609597,Sad
2KphDaGwFB816KircXJ4ig,Energetic,0.11079549,0.019082902,0.03542645,0.83469516,Energetic
2LGP5HwH1CNnw4ulU5fmyp,Sad,0.40208218,0.5745409,0.005018188,0.018358676,Sad
2NImHqx3qEYKnPeN8BQQ1c,Energetic,0.14470857,0.018931367,0.0056436956,0.8307164,Energetic
2Ovjs13pJZinNJyQ8uwEzS,Energetic,0.012720749,0.121790476,0.3073229,0.5581659,Energetic
2PvcrDEfttImW77Ne4JJwJ,Angry,0.054708183,0.51862556,0.39937517,0.027291033,Sad
2QcfzloL3JpJ3Nc7iKvD0A,Energetic,0.0019255099,0.052920762,0.4776685,0.46748528,Angry
2QozSmFz74fuDjEEMC8BjX,Angry,0.008401192,0.06885355,0.90630656,0.016438775,Angry
2RaRQKNcW7Mdi5FjXEi03X,Energetic,0.3735371,0.0092798285,0.18524832,0.43193483,Energetic
2RzIBh2Pr1bvHkrudzHp0d,Energetic,0.53098994,0.10959953,0.21965933,0.1397512,Happy
2S3FVzBDGSHNLTzpmAiF6B,Sad,0.002714289,0.9065476,0.08360167,0.0071364557,Sad
2SCUPzpjvmFz2xqNikBaJE,Sad,0.0031013815,0.8280699,0.16069075,0.008137915,Sad
2SOf0xy2c64FsD4a1SDM4z,Angry,0.004228511,0.62649864,0.36107922,0.008193614,Sad
2TJOPvX4aCVZraoofqRvMz,Sad,0.003418744,0.607469,0.37312084,0.015991326,Sad
2TnukuvGFGbnhbblshSsBS,Sad,0.0019083646,0.9088822,0.082713984,0.006495565,Sad
2U5iZUQe4lQ2dRL5haFxxk,Sad,0.0021472573,0.22599307,0.703848,0.068011716,Angry
2U8NdiK1FliqPotMCaZfw1,Sad,0.19660354,0.40857998,0.19635528,0.19846119,Sad
2UFLZNBQwsEdVHukytDJSQ,Sad,0.008684668,0.53321517,0.06893019,0.38917,Sad
2UpDCo3u27BnpGCtLn7ivv,Energetic,0.0035494966,0.0035178778,0.27704006,0.71589255,Energetic
2Uzh5MQYBSDJdNhBVvyysW,Sad,0.05522164,0.9217011,0.01084394,0.012233319,Sad
2V2fA5p7CFjvdOdtnnqmzt,Angry,0.004095978,0.2685944,0.7159336,0.011375923,Angry
2V97gq3ENtfKSEor21yVgx,Energetic,0.0047989246,0.0037040357,0.0075585893,0.9839385,Energetic
2VWGxUiosMSVua5TwOxzut,Sad,0.0022076645,0.9893406,0.0049845516,0.003467192,Sad
2WwjAeaOFSfUzNfp2CFaVF,Sad,0.0017768736,0.96298236,0.028943138,0.006297682,Sad
2Xwm50AvwmkR7pXUuXqSZq,Sad,0.25995132,0.13550156,0.114419565,0.4901276,Energetic
2YR7rEmRiHlYSJGMju4J4l,Energetic,0.0076340516,0.77422196,0.11571374,0.10243031,Sad
2YWXW4zVg0e0UDODAJddbz,Energetic,0.017030332,0.08363431,0.050133884,0.84920144,Energetic
2ZYsMOE4QpWICp8LQR6iku,Energetic,0.17115806,0.1253343,0.041493617,0.66201407,Energetic
2ZuVGEYfejghHDzWwukuE5,Energetic,0.026991883,0.0038783534,0.027777169,0.94135267,Energetic
2a7GgCYWZt4OTiYdlWwrHb,Energetic,0.003876632,0.01899237,0.81805336,0.15907761,Angry
2aJg7C5YdTCOb5Oj0rKN0N,Angry,0.023309086,0.22508174,0.33780357,0.4138056,Energetic
2adO0gOdBfzhaT8YJBAWH5,Angry,0.006745393,0.0048827454,0.14351341,0.84485847,Energetic
2akYhXc7oqzm4qxhbZ9iqI,Sad,0.0017250706,0.98442984,0.010881182,0.002963935,Sad
2b58U5Zfix1dgKTG09LTZc,Happy,0.97006434,0.004472386,0.0030380785,0.022425232,Happy
2bAfTUcvxIpheSTcOQZSDY,Happy,0.978999,0.0017885016,0.0019386434,0.01727386,Happy
2bdfsb91tuMLXsCKrpWyda,Angry,0.001963646,0.5452137,0.37045062,0.082372054,Sad
2bqvzy9JJv7u67LkFtFAo6,Energetic,0.021308593,0.009072966,0.020975145,0.94864327,Energetic
2cBOh97kgDenDOdtKhwU9O,Energetic,0.0030101512,0.022511452,0.42550907,0.5489693,Energetic
2cNl1CvKn2KJUiLSCrvBHi,Sad,0.15678333,0.8191216,0.009690975,0.014404108,Sad
2cb5IF0FtYPqFujORervcL,Happy,0.93399,0.04268529,0.0059785186,0.017346146,Happy
2ct0HRAVCM1VmaZ0UTP96x,Happy,0.2875475,0.12581417,0.017743196,0.5688951,Energetic
2dMDSzIRYQCseNLv0OC2VL,Angry,0.0029275012,0.31453165,0.6565993,0.025941612,Angry
2e6OGtr04etXsNhMz0sZms,Angry,0.4386018,0.518242,0.011571882,0.031584322,Sad
2eJNckmcuXh77D0zBoG5Bc,Sad,0.0028018188,0.98402494,0.008186978,0.0049862624,Sad
2ezV1fmnge1Z0zPmTztino,Energetic,0.18184133,0.0021017021,0.007109017,0.8089479,Energetic
2fZ1e4yX9leaJooUVJi0dg,Sad,0.012612907,0.93572724,0.020569928,0.031090043,Sad
2gwOkuR54SrJc93rpfYayN,Sad,0.0049143387,0.11570257,0.25445884,0.62492424,Energetic
2hLTRKz5pc8SPWa1dJ7yyi,Sad,0.0017601764,0.9901658,0.006133522,0.00194035,Sad
2hQZSI3GXFcwt2xPY20fxo,Angry,0.0035650246,0.0030364671,0.41811475,0.5752838,Energetic
2hdORQrsFcE0nm3rzLcfg9,Angry,0.023414703,0.07845553,0.21849187,0.6796379,Energetic
2hyfepwCRQsenxVLzsaOtA,Energetic,0.0019140631,0.0010966117,0.015144606,0.9818447,Energetic
2iozBNcSmDQgmDAZT31cw3,Happy,0.5732403,0.117240556,0.021745559,0.2877736,Happy
2kXump2l1IqoZ03iXzXPto,Angry,0.015824331,0.019151248,0.14938106,0.8156433,Energetic
2luxaiKCpNvVSncN28hnJB,Angry,0.020551184,0.73461324,0.22692685,0.017908728,Sad
2n3zCY4b9GS3PPqjaWbP7o,Angry,0.00197243,0.022533799,0.9084162,0.06707763,Angry
2nPUkZzM3cHNmXhzk5SOC4,Sad,0.008785544,0.62875485,0.15446128,0.20799834,Sad
2oBMZYteeO8DyXV9gDx6Za,Energetic,0.049684845,0.028467909,0.017759563,0.90408766,Energetic
2oEXfJ8sMHXrzmmtkPZC8B,Angry,0.0061022127,0.46364626,0.34078246,0.18946908,Sad
2op7tTCjyyDTP1nMGoB7aC,Sad,0.003133731,0.7553977,0.23582447,0.005644062,Sad
2pAnCld8Z9205qpmmvXhTf,Angry,0.027791157,0.058717865,0.68271405,0.23077695,Angry
2pLUntKxuwWhVlRww6thTC,Sad,0.0027050055,0.042445265,0.91201794,0.042831756,Angry
2pzpApfqE2LaXW5StD1FUA,Angry,0.0040888335,0.015499272,0.6602609,0.32015097,Angry
2q3q712gIZzapHd0nwstiY,Happy,0.96901166,0.015601433,0.0031171695,0.012269763,Happy
2q7WMhP5z4P5vF4Z7aztNQ,Sad,0.022617184,0.35972297,0.12705907,0.49060073,Energetic
2qHGDQmfxScbqf0BAwakKI,Happy,0.9759133,0.0050630695,0.0078013293,0.01122232,Happy
2rLdMxX2E0X2GG8xOCrR2e,Energetic,0.04596743,0.005343672,0.030686941,0.91800195,Energetic
2rTnVB1bvwxHtaIl4uVu7f,Energetic,0.0033590696,0.0014198434,0.006162417,0.9890587,Energetic
2rWAod9QJJJdkX1LnN5jGY,Sad,0.026030075,0.96105134,0.008926088,0.003992499,Sad
2sNuWZ6KFuMe1Rhs38EfFi,Energetic,0.014594606,0.010969797,0.41921562,0.55522,Energetic
2sWOjTW7USgI2JK7Hr16d6,Energetic,0.8771954,0.09887164,0.0047907517,0.01914225,Happy
2sg0e618bHHwn0NgQBgIGf,Angry,0.0008053273,0.018835466,0.94292593,0.037433296,Angry
2u4oP50DKi1sKbnftVjhkI,Happy,0.93346757,0.025171323,0.012696259,0.02866489,Happy
2u95xNbP7t1sqLqDJWHcD2,Sad,0.0018811073,0.33940378,0.6207679,0.03794722,Angry
2uDKddDtIBpWVQBQPsmukX,Energetic,0.010434048,0.100421414,0.024394281,0.86475027,Energetic
2uFnGna153ss9lheGlTDjl,Angry,0.00248162,0.275012,0.4972761,0.22523035,Angry
2uGdtuZlf83IYBvZQCT49E,Energetic,0.7184321,0.04959283,0.008092932,0.22388217,Happy
2uK0sAJPgtfE2ZbAHuAVc5,Energetic,0.003511602,0.0016074702,0.08950479,0.9053761,Energetic
2uSCx6xNA3WzahPDXh36Eb,Energetic,0.8566883,0.008386323,0.008155317,0.12676999,Happy
2uTG00P1DkhB97pdITkl2O,Angry,0.0053172205,0.0141441105,0.43131647,0.54922223,Energetic
2ugcAZQ0zpGr31btAGZtGC,Angry,0.05500887,0.038445078,0.28732383,0.61922216,Energetic
2umIsmXgubwnkowzan3eLd,Sad,0.0025315592,0.98887664,0.0056500826,0.0029416617,Sad
2urJxa3KkccPsxKW27VE7X,Energetic,0.0070747314,0.0046397788,0.19553752,0.792748,Energetic
2v6EwkD0aowRWwIW3nbNEp,Sad,0.37578443,0.59915376,0.0043334877,0.020728325,Sad
2v9W6qon2mAiJUkv9jc4BL,Angry,0.0025204099,0.024757728,0.953322,0.0193999,Angry
2vUkiqA2H2viZ3UZvvpDD8,Sad,0.8248056,0.120539434,0.014428094,0.040226776,Happy
2vfZlomhV00j2UoWzMkKYJ,Sad,0.033209037,0.32222587,0.15190901,0.49265608,Energetic
2vl8fgK5HQUdOHj6bUMXMj,Angry,0.11490182,0.040794592,0.6076496,0.23665397,Angry
2vwVn8cACRgQYcaXD6UEc1,Energetic,0.0028989615,0.050424725,0.5281709,0.4185054,Angry
2wK8nDO6cymaEAEKCYcKiV,Sad,0.0028482403,0.71153116,0.2666631,0.018957518,Sad
2wQ6FlVjKRQhytlq4tgg78,Happy,0.19900225,0.0024745741,0.0028370146,0.79568624,Energetic
2x32AXP8HKNZ6sXwUdbDmY,Energetic,0.2969197,0.0017874874,0.01872773,0.6825651,Energetic
2x7Zc2vELXgOMZ5x9Ezs6w,Energetic,0.008527159,0.2635085,0.4574787,0.27048567,Angry
2yY99Hf5ic7IZmJBgBg7i9,Sad,0.008592661,0.9615158,0.025280047,0.004611534,Sad
2z1FmK5To9gj1rU4mS20f9,Energetic,0.008094936,0.004191712,0.02797319,0.95974016,Energetic
2zOCduzcLsY8xgwB2jBd7a,Angry,0.008623511,0.87109524,0.0430757,0.077205524,Sad
2zp8w992yBuE4whxeB29ov,Sad,0.0018622286,0.95212096,0.0422169,0.003799966,Sad
2zpY8bmYpnaKsLP6PcWKVz,Sad,0.0021775686,0.99161994,0.0043086368,0.0018938712,Sad
2zu0W9Kgo53F0Cbv91jltm,Sad,0.0019142902,0.9844445,0.00946988,0.0041713775,Sad
2zy9b1f48YuOHFGUKxVPMH,Happy,0.7013225,0.22638868,0.011709284,0.06057952,Happy
302U5SoqvU4S3zRO6cyWbV,Sad,0.0033122473,0.98077846,0.013026702,0.0028826348,Sad
304YCHkUkQCaRru0YY86ir,Sad,0.0033729435,0.98214585,0.011532755,0.0029484231,Sad
306SvN2hJCBsfnmUtIRPPp,Energetic,0.80273294,0.13938701,0.0037456825,0.054134376,Happy
30akB5QVCUOBfMeRDjYokk,Sad,0.37239382,0.03686855,0.01618483,0.5745528,Energetic
30xNCSFBGAmPBLZP5mtwHj,Energetic,0.018418115,0.024215972,0.0070742364,0.9502917,Energetic
30ymFh1FOJFYrxHNwP1NQU,Sad,0.0073712575,0.8032139,0.14882022,0.040594563,Sad
31Zo1UD8cHG3CLnCc7fspg,Sad,0.0134980455,0.97441185,0.008610755,0.0034794053,Sad
31npCLcnKuMgwmg5hqgmxJ,Sad,0.011824928,0.5634879,0.33457893,0.09010828,Sad
31xA2Iti4kb3aMiX75e8Y5,Energetic,0.0034734593,0.0150929,0.14072648,0.8407071,Energetic
323uxL7lyIOJhkpzZMW5iD,Angry,0.001771466,0.024000555,0.56185544,0.41237253,Angry
32C5of1pAeU7IeEbGiLWAo,Energetic,0.03599894,0.001575829,0.01684356,0.94558173,Energetic
32gSY6mX4efH0zbjiRUV8z,Angry,0.0034873437,0.0069842758,0.43267262,0.55685574,Energetic
33Fsu8KMbqXiB7C4vHYbM6,Angry,0.005211177,0.8980493,0.055025436,0.04171406,Sad
33LQxf2T3Jbgw3XQ1H3LMY,Happy,0.98190373,0.013305196,0.00085651287,0.003934541,Happy
33MymV61MWpNGsjDUv69s5,Happy,0.8922327,0.07985024,0.004016137,0.023900842,Happy
33d14BJBbgbcQbcDhreYCs,Sad,0.006383346,0.98871255,0.003001725,0.0019023947,Sad
33nLdphp8HzRaRCfi38x0g,Energetic,0.0017416796,0.052609548,0.65267193,0.29297686,Angry
33wpkt8fRipwNSgYmAh2an,Sad,0.6709155,0.10766748,0.030033808,0.19138317,Happy
341EpTlTyC2YbVAxPurQon,Sad,0.0014173918,0.96068066,0.030738179,0.007163697,Sad
3497QF4onbprufQKDBcAb9,Energetic,0.6890532,0.08754933,0.13314281,0.09025463,Happy
34LTPimLjIG8Cumg0ZeScS,Angry,0.01683047,0.4482225,0.18975845,0.34518862,Sad
34P2eLGGh6MqLHKCBGeuiD,Sad,0.002401655,0.9777428,0.013501571,0.0063539315,Sad
34alYkPaAOVJbnSLO5WXoy,Happy,0.4595449,0.007303542,0.018360252,0.5147913,Energetic
34wvC7TEIcivr3t98TSGnN,Sad,0.0026037183,0.82084024,0.16963337,0.006922683,Sad
35corN4vO44BQSS0VsbwwX,Happy,0.99334705,0.0026233166,0.0013372554,0.0026923877,Happy
35kBpE1wkP93Xnnp7IrpLu,Happy,0.18902719,0.002623898,0.007428646,0.8009203,Energetic
36NS0ynC5Z8xExhfqv9A10,Happy,0.9656748,0.02869036,0.002230432,0.0034043873,Happy
36Xmw9OP6JQ0tLjyzBdQHo,Happy,0.9663568,0.023414467,0.0023035964,0.0079251565,Happy
36q0joWZkFDM9tYmLISV7p,Sad,0.016587665,0.43637452,0.4136583,0.13337952,Sad
3708QDdnW1RJ2msbjVx1kH,Sad,0.30113134,0.43304384,0.11890546,0.14691932,Sad
37ASFkT3U0SWX2lFbmt987,Sad,0.003924956,0.9311704,0.061587997,0.0033165507,Sad
38HLXUnmu5tVEzKNZrvYn9,Sad,0.35235444,0.63182724,0.007442678,0.0083756605,Sad
38UKhYV8AOJIatgJVhhcET,Sad,0.021972334,0.6063959,0.10543896,0.2661928,Sad
38cBjK2Jpa3smZaR6gOc1g,Angry,0.0056044254,0.75332457,0.18586256,0.055208407,Sad
395JOroUb1RLcDp5BCN7F5,Sad,0.0019009355,0.813961,0.1767626,0.0073754247,Sad
39RFivtAkYw9y8zOWrqC7x,Angry,0.0078217015,0.6686952,0.29931042,0.02417271,Sad
39gju7BUS8x6N1nRjXOUXT,Energetic,0.0017151899,0.0067857783,0.950578,0.040921062,Angry
39zxQPgYKDzxMHtngTDiNK,Sad,0.0022822032,0.9863694,0.0077638244,0.0035845437,Sad
3AFhzcKWItCQeno4N9Sn6x,Energetic,0.0010322266,0.015819479,0.94915533,0.03399293,Angry
3AOcpwgy3V2Fwg7B8PZfKl,Sad,0.002896675,0.9130944,0.06964559,0.01436333,Sad
3Adcm6OYZUASt6MRoWfJEf,Happy,0.9849692,0.0106001925,0.0012811462,0.0031494475,Happy
3B6IJzHFvGA6YKgYy21FfU,Sad,0.12072815,0.5846164,0.24483457,0.049820833,Sad
3BLqtquZ8MaG4sJsru9q8m,Angry,0.0015375942,0.24489774,0.73813254,0.015432185,Angry
3BO8rAkJnVU6rwoXKPpRWd,Energetic,0.001701189,0.0010464647,0.028510865,0.9687414,Energetic
3BuFzaaIPQHAFqPubPzcIO,Angry,0.0031475464,0.033409912,0.9545572,0.0088854125,Angry
3ByVr4ehY2AoJc7CEcTpP2,Angry,0.0033114245,0.33610034,0.6243282,0.036260072,Angry
3CCwFADNM9hPfH7RmrWPjW,Energetic,0.117310226,0.0805436,0.11654583,0.68560034,Energetic
3CYEXFll2oRD8bvzbq1iEy,Sad,0.0014549848,0.9764306,0.018952655,0.0031617605,Sad
3CccZiAkaYVAe8Bo3awICY,Angry,0.0017714483,0.9125897,0.06811858,0.017520273,Sad
3CsRe4cSHAHtiRzcB6zmH3,Sad,0.001596216,0.95749474,0.032408025,0.008501046,Sad
3DU7UnpQWcdWMEj7xJN6qO,Sad,0.029661987,0.20600677,0.06596272,0.69836855,Energetic
3Dd9ip26FejJl8qi6mJ7M8,Angry,0.06330725,0.49724036,0.28594363,0.15350875,Sad
3DijRvVlrKld46gt9JAnbM,Sad,0.005019692,0.9616991,0.029218178,0.0040629175,Sad
3DtOW3gzNTy5SgLWhwOdFW,Energetic,0.0021992447,0.0023923512,0.06474705,0.9306614,Energetic
3Dw1KZ9oade6qAfEjsvxus,Happy,0.9898678,0.0024426335,0.002762588,0.0049270466,Happy
3E9U13u4aixTnDOOT3GiXk,Angry,0.089880876,0.23239271,0.66198546,0.015740922,Angry
3EHHaVS9Wu0X3ZL1CS3eS3,Sad,0.0021823165,0.9888749,0.005327739,0.0036150208,Sad
3FC40psjYQtO0amMZo6pVQ,Sad,0.0030839213,0.99002314,0.0036242055,0.0032686833,Sad
3FLmb7sK9KJeMoQtdq85QL,Energetic,0.013916104,0.0015166049,0.0038533148,0.980714,Energetic
3GS8qG28p2RF6M7S5rFdx5,Angry,0.0015512198,0.21090986,0.77281165,0.014727272,Angry
3GlVzVGh00JBz21uHS91GY,Angry,0.001623501,0.015178981,0.74853915,0.23465836,Angry
3GqwV1KtTsqn25L5d8mv6O,Happy,0.98121434,0.002815672,0.0011901315,0.014779814,Happy
3GtXRW9ILD3QCAH3NVdwtA,Angry,0.0026730052,0.048652686,0.94234324,0.0063311215,Angry
3H3aJXnIu2Jocd4YbJynd9,Angry,0.02749608,0.016088327,0.8899126,0.06650306,Angry
3HR1AU64BXZxZ99NjIMQkZ,Happy,0.013948239,0.06088601,0.3009984,0.62416744,Energetic
3HWokhsCwPCE8lXeX3M1Cd,Sad,0.0036013303,0.48577794,0.49904877,0.011571928,Angry
3HchHt6gIsWyBTJ913Nc41,Sad,0.0014801243,0.93995833,0.049330324,0.009231199,Sad
3HlzrZbKmZzBQLI42eZEE8,Sad,0.0055745644,0.4698511,0.4560361,0.06853825,Sad
3I7d155tjVsLKnqmMcqi8J,Energetic,0.058312356,0.0015052431,0.002627281,0.9375551,Energetic
3IKL9MheXWnHX40xgRRJzU,Angry,0.0025144161,0.78554493,0.18313687,0.028803712,Sad
3IpLulM7lYyalklJDGGEgf,Sad,0.08195643,0.8766506,0.030405968,0.01098704,Sad
3JakoGY7MbXuJJwGuGP0rZ,Sad,0.27319,0.704611,0.014096492,0.008102499,Sad
3KFzHV1XENRCkGVwkZoLID,Happy,0.043168485,0.10723134,0.26342398,0.5861762,Energetic
3KVv41hNd5w24QV0RA2V19,Angry,0.47569424,0.15084195,0.22558832,0.14787546,Happy
3LWUgY1TPrUMWewxfr54HU,Happy,0.98379415,0.0049228068,0.0011661721,0.010116822,Happy
3Lk6qMAhti96qmtyyQJ21B,Happy,0.007372231,0.952638,0.020422744,0.019567046,Sad
3LnZhwJ3TujVfIF4eCm0C5,Energetic,0.0028399907,0.0008358042,0.005307686,0.9910165,Energetic
3MlL10pZjsB1UI0owXi3Yb,Happy,0.94507736,0.03996795,0.0017955825,0.013159094,Happy
3MmAMXCl5e3oJFMzhpfXkM,Happy,0.9473315,0.0151118,0.0029457887,0.0346109,Happy
3NN6R66hHv1UvgnFkhzbg7,Energetic,0.58053726,0.0116943065,0.004860018,0.40290835,Happy
3NVpMmEZVMRkzZnLrXPoc2,Sad,0.0027328443,0.9888904,0.004754811,0.0036220148,Sad
3NZceiFGUEAWtJ2sGshw8e,Sad,0.015949199,0.4213448,0.2900353,0.27267072,Sad
3Ne3cyw14wtKagZXPaibld,Sad,0.003342987,0.8519045,0.13323769,0.011514723,Sad
3Nx2DxH5TsIGr9o9fmCDYu,Sad,0.013773266,0.8848796,0.029751517,0.07159569,Sad
3OP1IhvECLcWQ3dBB8hBah,Happy,0.98676306,0.0044590607,0.0012647259,0.007513081,Happy
3OnhO4po4yLW2uNoiKGUYX,Angry,0.012826937,0.12268144,0.6868682,0.17762344,Angry
3PbV4Ma0vpoIXAemv7wmwC,Energetic,0.0070963153,0.020988854,0.31803945,0.6538754,Energetic
3PqkGZXK64iMTKKlIlX187,Angry,0.0012665798,0.004119844,0.9162003,0.07841328,Angry
3QsXKa0NHVHGhmFYDdMQkJ,Happy,0.0026291695,0.9709527,0.008373149,0.018044993,Sad
3QzAOrNlsabgbMwlZt7TAY,Energetic,0.0018630947,0.0057987547,0.042482607,0.9498555,Energetic
3SHmLB82ckqAvgjeYvRHTc,Happy,0.98607814,0.002483389,0.0013704954,0.010067904,Happy
3SeMp8XHYuvEp51yaT58Nq,Energetic,0.0069940495,0.02048244,0.009926343,0.9625972,Energetic
3T3b3sSibIpkJZeLV9TDqX,Happy,0.06075938,0.14441647,0.207681,0.5871432,Energetic
3T5m746yNi1IFCcnaVA0IR,Angry,0.0045027845,0.69162077,0.29152927,0.012347212,Sad
3TofGYjLt23LOQl23w2PfE,Sad,0.98516625,0.0091067115,0.0015102351,0.0042167837,Happy
3Uetmcka8FFx45fT0RGOpS,Angry,0.0010569305,0.008823002,0.82726926,0.16285072,Angry
3Ukbx6XakQOsX7tSkUsUqo,Sad,0.0019434036,0.9896374,0.0065877456,0.0018314124,Sad
3VHqrQhOVsSunkkNZUX2EJ,Happy,0.983338,0.0024660223,0.001076289,0.013119688,Happy
3VJ3ieZrLV040ooS2ZQ62b,Happy,0.36429617,0.5743734,0.005906729,0.055423692,Sad
3ZKRTfkMIUfT4akk1HJIW5,Angry,0.007622211,0.7380592,0.21916318,0.03515546,Sad
3ZOwmSmQKX4vTK4N6e2GsW,Energetic,0.0122211855,0.0052898577,0.06443446,0.91805446,Energetic
3ZZQjq7oKWViVJNx9cdpYe,Happy,0.9923701,0.0034062692,0.0012725034,0.0029510772,Happy
3ZextTfHDjf98vEsGbNtOs,Energetic,0.005817034,0.0012833255,0.013902748,0.9789969,Energetic
3ZxBXDSc82x8tnTN55KQzp,Energetic,0.0514844,0.0822596,0.48011428,0.38614172,Angry
3aWRPTeyjwP6BkCGLeIxHN,Energetic,0.014697762,0.0036357078,0.23434782,0.74731874,Energetic
3adQpYatYOsgAKr853t4mZ,Sad,0.0019841744,0.9877877,0.007677024,0.0025511468,Sad
3alLCv40u2DQSNTKKJGU4V,Energetic,0.0076072277,0.083506666,0.2940249,0.6148612,Energetic
3b1NW5WW53vEdxFyMHUibf,Energetic,0.0032475702,0.0008823086,0.016433831,0.9794363,Energetic
3b48PjcQRqOLR2tGW83aVD,Energetic,0.03870394,0.0028901736,0.0248644,0.93354154,Energetic
3bkWS5HAkmoaKlaLkcQiEP,Angry,0.0037884703,0.06831643,0.8980813,0.029813759,Angry
3btlSbrKaLcSR52uWcJumt,Sad,0.91706747,0.019143034,0.00475153,0.059037965,Happy
3c3I0jpOAdL0dN7gmsLq7Z,Angry,0.004821783,0.57213765,0.3761456,0.04689496,Sad
3cOoVoWCEkl9rasRV1BugZ,Energetic,0.010374842,0.7634431,0.21501227,0.011169849,Sad
3cpJhs0ujAm2JkZKKRHZGu,Sad,0.0022805037,0.98820055,0.0061118323,0.0034071303,Sad
3crxySebCike4UZq4SvzxT,Energetic,0.009024404,0.0012249015,0.004566684,0.985184,Energetic
3dHZA5mbQ6AjBwn6TbbyfT,Sad,0.006951759,0.95517826,0.035228208,0.0026418213,Sad
3eFsWFfkvPpCxalT3R0ZPp,Angry,0.002207693,0.027230408,0.7944089,0.17615297,Angry
3eLET20UoHduT47zbMbUMK,Happy,0.116944864,0.433897,0.19855659,0.25060153,Sad
3eWJfiFVogF2mQJh14PTCa,Angry,0.010628988,0.87845016,0.0966312,0.014289588,Sad
3fKOHn3wcCUWhnVOd51ojI,Energetic,0.0050274045,0.0017230861,0.043478806,0.9497707,Energetic
3fN8djLf2uPJp993x5Jyex,Energetic,0.01935671,0.0015533717,0.004019878,0.97507,Energetic
3fPXG8Is2esxhm2y7W9ULI,Sad,0.003573791,0.94869727,0.043388333,0.004340661,Sad
3fztnHcEJ8xjtCONtN2qMg,Angry,0.005474299,0.8559312,0.051992018,0.08660247,Sad
3gbpD5UX1TCP60NF6ryg1A,Energetic,0.31607485,0.0030412597,0.0057366523,0.67514724,Energetic
3h52mqCTspgTMIQfn36FRu,Energetic,0.0018825001,0.0055273925,0.8262871,0.16630296,Angry
3hJQ0Bzblzx7JY5rKPvap0,Energetic,0.0022918747,0.0035504668,0.027359262,0.96679837,Energetic
3hex9OnMbSDRlHpBHAp5gy,Angry,0.0038955056,0.14567149,0.83684886,0.013584163,Angry
3hrUCgFyuUffOmvYJK4Fbk,Sad,0.005018034,0.9894699,0.003940902,0.0015711003,Sad
3iFC25AYyUzc0hr8OqAbuu,Angry,0.035769563,0.25762486,0.4197635,0.28684208,Angry
3iaivM1OhgQ2MHnjVo9jcn,Sad,0.0023559306,0.99013597,0.0048401314,0.0026680578,Sad
3ieCHoxSLgPWBr7GDoV3jF,Angry,0.0008010129,0.09127238,0.8974865,0.010440118,Angry
3ieiClXnS99ctYrUSeZPGu,Energetic,0.034716528,0.11294071,0.24441601,0.6079268,Energetic
3j29XxSckdcbn3dQk9R9hC,Angry,0.003049392,0.59341246,0.39365706,0.009881048,Sad
3jTk3JX7wN0CO60welQgnJ,Sad,0.088692546,0.3109741,0.10350431,0.49682903,Energetic
3jgYGp0N8iYF7OxwtCDX2H,Energetic,0.00907823,0.021885453,0.82464266,0.1443936,Angry
3jn7r6kwAjr5H5D0b40bqn,Sad,0.0027126297,0.13668758,0.84224486,0.01835492,Angry
3ju77DVfjICrzVaw0wHtcc,Sad,0.0022370953,0.92584753,0.060837097,0.011078297,Sad
3k1HFnjTGdDsDe3TgjC3BW,Sad,0.08699798,0.83682835,0.023145828,0.053027865,Sad
3kABJZy8dZbbVu5WYxTKFu,Happy,0.7703596,0.015276331,0.0039901594,0.21037397,Happy
3knPSvQWsUiYHH7yIbvXJH,Angry,0.0015232498,0.0032157935,0.2140703,0.7811907,Energetic
3kwcKwxzoQn5lAw4aMHZdr,Sad,0.14098364,0.42561382,0.16544569,0.2679568,Sad
3l7L7syZEQHKbFWCPdgPOU,Sad,0.002876765,0.91472685,0.045831963,0.03656434,Sad
3lEPfOrDqNPkAgVoAXxwiN,Sad,0.005299663,0.98184603,0.0072193528,0.005634945,Sad
3lRqTEI9xSQ6HTlezQxEAF,Angry,0.009749512,0.020762682,0.31333068,0.65615714,Energetic
3lVrljROlkADULUQVjLmxa,Sad,0.0026348683,0.9120428,0.08161093,0.0037114648,Sad
3ltpY7d8XPsVJp6jtVgDdE,Energetic,0.41964164,0.3543339,0.033879746,0.19214465,Happy
3m6LjakfNIlNY7nl3PZTdc,Happy,0.5390174,0.04768894,0.038238533,0.3750551,Happy
3nsJ7jifwjKSToGvFIYGuU,Sad,0.01853765,0.34142163,0.23529418,0.4047466,Energetic
3oD8cDM3m7cl3Zc38uxyK4,Angry,0.003780794,0.025852446,0.53599,0.43437678,Angry
3oYaPCaivU1JGxcD3emG2d,Sad,0.0013810146,0.9422435,0.051303275,0.005072139,Sad
3qvEtTgSoOaerwcgb84J9w,Angry,0.0085657,0.7398499,0.22614364,0.025440758,Sad
3rDm1ZC5snQMsuKzADoWPE,Energetic,0.0016634506,0.0024179001,0.03219745,0.9637212,Energetic
3raVs5uMxOiJ6JKRdTvkNd,Angry,0.0031403,0.0718105,0.8988717,0.026177498,Angry
3sGOzhLEKanogNnnNJQiDv,Sad,0.007338831,0.924253,0.02355722,0.044850916,Sad
3sY8nVs7ob3ylxllNX7tVO,Energetic,0.0065025585,0.004904666,0.009626975,0.9789658,Energetic
3sdvuyEKVGDsSCLzetyTtE,Energetic,0.3411406,0.004729533,0.0041162837,0.6500136,Energetic
3srT2Q8iLNRCWIqeuWJtla,Energetic,0.01222344,0.024112632,0.015602584,0.94806135,Energetic
3tOAosF0Ykfbdl8HwQGqZZ,Sad,0.0013339076,0.98148686,0.013848629,0.0033306342,Sad
3ti32KRG1Vfc9vsnggY4Xf,Energetic,0.0025775144,0.70181704,0.24443026,0.051175166,Sad
3u2xYOMNE7DmkmW5GvuZSh,Sad,0.0016506172,0.9695593,0.025827762,0.0029623203,Sad
3ujvoeNR51tLi9xLIr7YbN,Happy,0.9919958,0.0027876715,0.00089004135,0.0043265107,Happy
3vMMSQUpVW71MPPtxYwa9a,Energetic,0.0050616628,0.0013405825,0.015116364,0.97848135,Energetic
3vWzyGTu6Ovo1GdrcJqH6e,Angry,0.11393309,0.06421848,0.048783034,0.7730654,Energetic
3w5aGvShhqaqvjGTqYXVwU,Angry,0.002294206,0.07020354,0.9084146,0.019087613,Angry
3wDYpiJNCpgg4cZo900ETt,Energetic,0.05795364,0.16413762,0.47133672,0.30657196,Angry
3xnHyqebxaFj8yOegy05Bj,Energetic,0.98613477,0.0018932251,0.0010346744,0.010937298,Happy
3y3lDeOb2c3FYCniav00EY,Angry,0.002233522,0.25752294,0.7042786,0.035964955,Angry
3zAoxGI6wAIxOWBN4SkqpJ,Sad,0.0024607822,0.7462849,0.22470698,0.02654734,Sad
40KnHFHD7wZ25JKSPU1QVr,Sad,0.015031531,0.89860237,0.056460634,0.029905457,Sad
40cOtNHB7TveiK89EhEfAi,Energetic,0.0089590745,0.11434213,0.7126989,0.16399989,Angry
40tvoceK7qY7Wi5NRSOlj9,Sad,0.024916349,0.20720834,0.048306864,0.71956843,Energetic
41Cx2LSB9riVORgug0zSct,Sad,0.012826292,0.43378222,0.4509889,0.102402635,Angry
41Umx93nsocrD8ckKBSuno,Sad,0.0039363443,0.96664065,0.021847302,0.0075757024,Sad
41eI0cuAs0JLtHdS2hWmcd,Energetic,0.019095479,0.04156107,0.011935949,0.9274075,Energetic
41i3Bfak7ftKXBH3XE4qip,Sad,0.0040498795,0.9448646,0.03598133,0.015104206,Sad
429NtPmr12aypzFH3FkN9l,Happy,0.7117357,0.07899059,0.009253271,0.2000204,Happy
42NGjRiRNGv734TPZ86982,Angry,0.0012807314,0.012708652,0.6289376,0.35707298,Angry
42R7Pb8ddwOqm1McGyT5Oe,Angry,0.0022412566,0.530094,0.45199072,0.01567398,Sad
42RugVuzhCrWhQPR0oR6qT,Sad,0.0017119785,0.98413634,0.011890635,0.00226099,Sad
43Ci5POxwD1DeHQa0BmpeN,Sad,0.008434247,0.02471764,0.21132536,0.7555228,Energetic
43dOwOq0mB4i6j4SpcSkqC,Energetic,0.0020032637,0.0020595223,0.04946864,0.94646865,Energetic
43t4guSOAskSX90uGn8Jsv,Angry,0.0038112022,0.020210145,0.94573617,0.030242441,Angry
44FQiHHAzTYoFdZYTzGQWX,Happy,0.99261224,0.0023241064,0.0009467593,0.004116846,Happy
44hxtFfVOY3afOWb5wmgz4,Angry,0.013598736,0.20954852,0.44342092,0.33343187,Angry
44lBwtjWzwRjMOz1e2hhmT,Energetic,0.4022454,0.0041383533,0.0030309504,0.59058535,Energetic
44uPR8hTkZmXh40uIx30WK,Happy,0.047473244,0.031453013,0.26819906,0.6528747,Energetic
46n7kpQPIoQ1BjywhMWPy2,Sad,0.31272665,0.5619324,0.010829949,0.11451103,Sad
46o0m3B4fr2sKVuRmb0jmM,Sad,0.0016405225,0.9770682,0.018745808,0.0025454895,Sad
46rICuTiVRLPVc7h78TovS,Sad,0.0022150285,0.533925,0.362972,0.100887954,Sad
46sqkKk663MiT1u0WHLQKF,Energetic,0.005337918,0.0021040787,0.1268218,0.8657362,Energetic
46uhQJt7GSn14w1b46rIvn,Sad,0.002577846,0.46851188,0.52051264,0.008397654,Angry
47fG8d2jsHslhGIVvd7TKG,Sad,0.004462688,0.93428075,0.050134316,0.011122217,Sad
47p040b3QHIStZp9H9W1ai,Sad,0.0018664902,0.9755402,0.018320503,0.004272718,Sad
48G2quZgAuwmKvxzuBITpx,Happy,0.5806637,0.0058724876,0.007869827,0.40559402,Happy
48gfPiFuvL1XLcobVSgjV5,Energetic,0.14953199,0.017024493,0.14302209,0.69042146,Energetic
49rrAGtFAmBBbWeK7tjpdQ,Angry,0.0016836668,0.042344242,0.94282436,0.013147802,Angry
4A0YuzcYuEEP8A3oEZTddL,Angry,0.006821092,0.5894186,0.3274313,0.07632902,Sad
4A9ikinCbpT2wwB9LTgv2u,Energetic,0.5190834,0.17081916,0.037073296,0.2730241,Happy
4Bc7oglKe2ePvY4VenMuFD,Energetic,0.3723021,0.030397534,0.10045847,0.49684194,Energetic
4Bf0UDkIOkCCZmbSzaPZna,Angry,0.0027223916,0.035004,0.58880204,0.37347156,Angry
4C4UTw7P6ZuVgjnUwQCwZJ,Energetic,0.7202427,0.036210127,0.0077486825,0.23579854,Happy
4CLdzrzUPnmsTAXbqPiyKw,Energetic,0.1790548,0.7190615,0.031240769,0.07064302,Sad
4CYrIAcRXGDwLHt5TCfbJj,Energetic,0.0035855987,0.01449842,0.13675539,0.84516054,Energetic
4Cjh8uf3a7ztxa6VJYUP4s,Angry,0.0017725093,0.020322435,0.96834695,0.009558087,Angry
4Coow6rScSLhmpNa1THvXm,Energetic,0.0017678138,0.0031955729,0.028752627,0.966284,Energetic
4CwxV6VdKLYcWp3kIkM3zW,Energetic,0.113155454,0.0047919867,0.004902953,0.8771496,Energetic
4DUC7f7ATgBE8p2scYFHj2,Angry,0.0077811293,0.40635428,0.5651575,0.020707114,Angry
4E34Cz22xGL2J7j8pR10A4,Energetic,0.012813683,0.0033983116,0.008613002,0.97517496,Energetic
4FQsYuKv5Y9EXWMBlJf6w7,Sad,0.0021521298,0.9485307,0.042618185,0.0066989944,Sad
4GCX2fSdTwaVI2e6Gai045,Sad,0.0016396502,0.4516016,0.53866094,0.008097868,Angry
4GQO1491lOB5o2mEo8Qq6s,Angry,0.01023568,0.86910295,0.1056009,0.0150604565,Sad
4GZjLJluONxkM0uxKZvdnr,Sad,0.0019655428,0.99058294,0.005070079,0.002381397,Sad
4H6QFU1xU9y4soNy4znxhg,Sad,0.019080777,0.9715425,0.007511217,0.0018655614,Sad
4HMYVDAHRXIQUHezwgGb37,Sad,0.02315353,0.015136555,0.03491008,0.92679983,Energetic
4HjlMGS3tox6kQLh8aHr4k,Sad,0.0021406855,0.98824894,0.0056461226,0.003964297,Sad
4HndRqLEdOIcSPEXXB1ksx,Sad,0.042948738,0.77854013,0.06550282,0.11300828,Sad
4IGXwrHeY8lrHUUGQCeKEs,Energetic,0.002249299,0.0022502616,0.059536498,0.9359639,Energetic
4In89hvIOoIWMKCR55Pvo0,Sad,0.0027040094,0.93169457,0.05572228,0.009879111,Sad
4IvtjXdaE0NS9v41PzSRN8,Angry,0.008444014,0.34341043,0.49639565,0.1517499,Angry
4IzrbxTpwrmqs1uVBx38MG,Sad,0.0010592741,0.0576957,0.49175715,0.44948784,Angry
4J4wU1a0MqhrBMBN2RzFUw,Angry,0.0028529433,0.4692789,0.505342,0.0225261,Angry
4Jrt9x1x4kiuxVRWapKAvE,Sad,0.0018515782,0.9809361,0.010786561,0.0064257365,Sad
4JupJNxn2gzsCOKDaUHnqU,Sad,0.0040139006,0.96788085,0.01467566,0.013429631,Sad
4K4Rys1SsGGX88c3S6M9Ro,Angry,0.0024413178,0.3538481,0.596979,0.046731595,Angry
4KTy6vVWugyYuhdrzcdeGk,Energetic,0.04720737,0.28873247,0.095106535,0.56895363,Energetic
4Kp9mSCsiv0c8fRYRfl0ew,Angry,0.0044403784,0.20804588,0.7499756,0.037538156,Angry
4LEZGxgtNtnILHuHmwZLJ6,Happy,0.30734068,0.011099588,0.016106788,0.66545296,Energetic
4LoetiJWi1HYoPOsPOwkWB,Sad,0.0019910235,0.9695246,0.025207605,0.003276872,Sad
4LpoFq0I2wKQLLjPKIaGP1,Angry,0.002033323,0.032289736,0.94106203,0.02461498,Angry
4M5NkB7cUsiIammerNmCmy,Energetic,0.15993609,0.012728131,0.010068685,0.8172671,Energetic
4MkHXeH4udoxXeT0idlwj0,Energetic,0.052098867,0.67690665,0.21793681,0.053057656,Sad
4N2d7hsNCkBCo1FLGAO9ll,Sad,0.003955176,0.6016969,0.3872126,0.0071353717,Sad
4NKdG9lTVjK8R9HfZQkTmk,Energetic,0.003277236,0.098199725,0.65475816,0.24376489,Angry
4NZuS7nErshuuKbdivtt6P,Sad,0.00215992,0.98657024,0.0075968076,0.0036730613,Sad
4O0nZyszFUU18Y60H9uKyd,Happy,0.9865866,0.0061789914,0.0021755674,0.005058882,Happy
4OxpwmdDfxSv2pVrCI4Rt8,Angry,0.026369948,0.15578797,0.5542025,0.2636396,Angry
4PCvbHlzEsyiVdv2VbtGa6,Energetic,0.009855713,0.005466772,0.2036712,0.78100634,Energetic
4Qa6b8Od023Yhl122UdKVV,Sad,0.040610246,0.91314197,0.038176995,0.00807082,Sad
4RPuqkuNPeWY95MUOXxqeX,Sad,0.003456845,0.9463637,0.023671687,0.026507765,Sad
4RyxJl5lodGOgAIqEQbijp,Energetic,0.0063408986,0.025049083,0.019434717,0.94917536,Energetic
4S2E8gmpsfqHAYKTmtZdtj,Energetic,0.008056573,0.014663381,0.3637033,0.6135767,Energetic
4SKXCJ3gj83ZMUSLxfLn0z,Sad,0.4977526,0.45956582,0.01395897,0.028722558,Happy
4Sf9QcAkHW1gjnKqXNHfRh,Angry,0.0022514528,0.9741712,0.01674495,0.0068323263,Sad
4TKtznl6C6K2EnJX7p5Dqv,Sad,0.0512658,0.029675394,0.26778477,0.651274,Energetic
4TtuEPSkiLUZowloa7Gpxl,Sad,0.0110643115,0.97140425,0.01137826,0.006153168,Sad
4TyHy1In6cCi22GvO7utsl,Happy,0.007660496,0.0016303777,0.06579252,0.92491657,Energetic
4ULBkFaSgMbC5kIajMTSjP,Energetic,0.0011391898,0.0053328043,0.16279413,0.8307339,Energetic
4UhdsLbYkEoKjXfOfHlPn3,Energetic,0.05975947,0.020867499,0.5788258,0.34054726,Angry
4UjTGFMPpzmz3Tixy9RWtg,Angry,0.39610705,0.49739587,0.03768314,0.068814,Sad
4Va3kkF6rbokrOUy39RAxS,Energetic,0.025751635,0.006703958,0.111818954,0.85572547,Energetic
4WMPhQbD8r8D5jvu0zyCd6,Happy,0.9784583,0.00941476,0.0015160687,0.010610904,Happy
4X4L2GWR1E9Pj3XCE6FJUp,Sad,0.0052523864,0.21340194,0.73138946,0.04995616,Angry
4YEaCjG1OZxK0Q5VStiR3l,Sad,0.16272995,0.081057586,0.17316288,0.58304954,Energetic
4YIaheOBuUd6IrqCWhCfKt,Angry,0.0028518208,0.0027106295,0.027746066,0.96669143,Energetic
4YV1eDEMvPJuoqe4FWfiL2,Energetic,0.009225772,0.02838891,0.18044704,0.7819383,Energetic
4Yt6Cm0m8IXeZAvfehK4pM,Energetic,0.07698497,0.05907733,0.048658416,0.81527925,Energetic
4Z7haQ60FU7HBu4yycJq81,Energetic,0.0018604258,0.00081444695,0.030984972,0.9663402,Energetic
4Zh8wefA6zKT1zhRvhqUUf,Sad,0.006381975,0.9831147,0.005713506,0.0047898674,Sad
4a11mgA6NtRrNK19yWx1Wh,Sad,0.0023489604,0.9828435,0.008615722,0.0061917678,Sad
4aDc2ThnALKXOuzMFtrRpp,Energetic,0.01725076,0.0036756613,0.004603518,0.9744701,Energetic
4aOvp1FN6lA5IjcnOWJsQu,Energetic,0.0062000616,0.931222,0.022228042,0.040349856,Sad
4askHPj2HVXkzhRX3s2k5H,Energetic,0.07740728,0.033535678,0.03061758,0.8584395,Energetic
4bJIM2tHXmAsiypme5ccvZ,Energetic,0.004862106,0.0009805541,0.0056386865,0.98851866,Energetic
4bdXbjMi5ESde1OdFrHBNE,Angry,0.006374165,0.004125993,0.33435908,0.65514076,Energetic
4bjOes4xHKSBNNp5W069Ib,Sad,0.004201922,0.63598144,0.34379727,0.016019411,Sad
4cQrSREMqBSvJ8ZzBZjVb8,Energetic,0.10864863,0.047451705,0.011541955,0.8323577,Energetic
4cdvRe07noYrMZGtGTUZSI,Sad,0.647555,0.34055877,0.002926131,0.008960145,Happy
4cptd7fQ3dNQrKeyMFiJJQ,Angry,0.005795115,0.114477485,0.5666802,0.3130472,Angry
4d4LJpIxd7jiygc2y77LpI,Happy,0.82502717,0.0054062456,0.0044287597,0.16513792,Happy
4d7bNxf2fZrN0Fb8qIzPi4,Happy,0.97325903,0.004390078,0.001239824,0.021111093,Happy
4dBkyMpNbNeNsNgDY1RrsW,Energetic,0.031774078,0.79343295,0.10646205,0.068330854,Sad
4dFWJZQsZ8gMxiqEhvu5V6,Happy,0.012394607,0.005393138,0.030274872,0.95193744,Energetic
4dsZ9LmC0p0wWDptdoP7Jb,Energetic,0.04983752,0.10236653,0.13289392,0.7149019,Energetic
4eK4C08WN2EcgafAkulnEx,Energetic,0.045740455,0.010114394,0.2759161,0.668229,Energetic
4enjA3oZhXgFKrPmUAASPz,Angry,0.0024105844,0.06932288,0.90660715,0.021659374,Angry
4fLGVRfXjCmJ6Yoiy4NUrL,Sad,0.15336746,0.7868467,0.014127154,0.045658693,Sad
4fhQ1ZR0VfptVsCNtXccuZ,Happy,0.95938563,0.008603219,0.0032377364,0.028773427,Happy
4g8NwSmwAHNjzJOvnjsOFm,Sad,0.0027300422,0.38935187,0.5760543,0.03186387,Angry
4gBuwKPtFRQ3DheqziHfbB,Energetic,0.0031179453,0.006363077,0.44272286,0.54779613,Energetic
4gIytZ50lGMuM6zTlKyUgH,Sad,0.0064612767,0.9011091,0.058116417,0.034313183,Sad
4hC2YJ7vTBMwr2qIIaEvMF,Happy,0.9922565,0.002983055,0.00090868067,0.0038517164,Happy
4hh4VK6N6XOKInbNsgGGnz,Sad,0.0024443006,0.9407444,0.053071104,0.0037402022,Sad
4hrS6yR54VdnlsTikyQfYQ,Angry,0.09804672,0.47016633,0.38640377,0.04538311,Sad
4ijQqn9zZXCA2YcBh5od9I,Angry,0.010328703,0.015289025,0.7377084,0.23667388,Angry
4imwzUUGEzzHyyfjeBSwd3,Energetic,0.0033974114,0.028283328,0.5073109,0.4610083,Angry
4j2MMiasUdBgUCzkgyx4ZI,Sad,0.0021310952,0.93416095,0.053557307,0.010150695,Sad
4jbWeX5w0Sa5BWBZpq5JU2,Energetic,0.0791436,0.0019453359,0.0027818957,0.9161292,Energetic
4k3m5jtjErernuKolqKyt2,Energetic,0.0027191879,0.91580784,0.054480217,0.02699279,Sad
4l7wSoHzKRVh8NJWVRFWGb,Happy,0.50375617,0.432246,0.02287466,0.041123122,Happy
4lIz9Ju14CEbBBvm62U1ck,Energetic,0.015368037,0.033730127,0.2686453,0.6822566,Energetic
4luYRAPf6keDFbsfceqcws,Angry,0.007835199,0.024851976,0.26102424,0.7062885,Energetic
4m03W02wuHPzGkMaXASwrk,Energetic,0.22700024,0.16172047,0.54551786,0.06576144,Angry
4o5XYTJecL5v938MN6YUPv,Energetic,0.044387277,0.002228938,0.0024462854,0.9509375,Energetic
4oJKBoFFS9RY2bmuNy3Byv,Angry,0.0027994085,0.10131114,0.8508496,0.045039847,Angry
4p0WEALPRSImOlp0glMiDM,Energetic,0.008195866,0.0070498907,0.013443168,0.9713111,Energetic
4pDTahNp7P8N7mbxreDOSf,Energetic,0.025211425,0.00094731175,0.003616744,0.97022444,Energetic
4q5q1eZYE2HITKz3drRH7Q,Angry,0.0026574323,0.031414162,0.9563204,0.009607928,Angry
4qUn0teo3aN5VLrUstUHcd,Happy,0.98676306,0.0044590607,0.0012647259,0.007513081,Happy
4sYbjUuLGAvlzYvZ2Ka6iA,Happy,0.80551803,0.17495242,0.007885296,0.011644257,Happy
4slSrbTK1sNK4I1mDYEthf,Energetic,0.0019204733,0.0097674215,0.10950191,0.8788102,Energetic
4syffKr9eyWStVQ7nZMnil,Sad,0.0021656598,0.9886739,0.006428533,0.002731882,Sad
4tYjwNdqpgvvgOt1O6li7x,Energetic,0.006809136,0.28485343,0.27041832,0.43791908,Energetic
4vljXsAvramaAmxlnk7thA,Sad,0.015414127,0.7178748,0.06450062,0.20221044,Sad
4vqCgef4dAH4A3uEnskAzT,Happy,0.52220243,0.255773,0.11090535,0.111119114,Happy
4xAKLLPV1MyMKeijpvohkv,Angry,0.09690551,0.07083565,0.3518715,0.48038736,Energetic
4xLCU4VurO34YlBH4ce4jQ,Sad,0.60484594,0.122230835,0.078255825,0.1946674,Happy
4xjbatWUbiMUrWiynjatSs,Happy,0.007948602,0.9670074,0.016130043,0.008913916,Sad
4y6RcofAy8OCByFSlGouzn,Sad,0.0020620532,0.9457552,0.04590824,0.006274595,Sad
4y9EpWD8G8ujnS7TBv7y0t,Angry,0.39885676,0.5310301,0.018901227,0.051211864,Sad
4yWPRcum7rtTRenkbVhRwW,Happy,0.93678164,0.0067456122,0.0032101634,0.05326262,Happy
4yzQHDOciM8cBKmURIkeFx,Happy,0.8222929,0.0028870811,0.003802492,0.17101747,Happy
4z0YU8GXvk3J0Sb4yNDBhN,Energetic,0.0055624237,0.009546859,0.6182832,0.3666075,Angry
4zjU5vmPRxxn9mLkwxTOPC,Energetic,0.0075315945,0.0013183773,0.017359555,0.9737905,Energetic
4zqynq3baGa8xEeFgrPn4w,Energetic,0.97245085,0.001880611,0.0017148071,0.023953775,Happy
50WjIFpZSHj4ReE5lWgjnp,Sad,0.0018509527,0.9010738,0.092985295,0.004089859,Sad
5150defNCFB2QSqEMpVIJ7,Angry,0.0018831805,0.30592087,0.6862469,0.0059490954,Angry
51E5LzhlwzrPSyE07df48k,Happy,0.99244833,0.0025161172,0.00080775394,0.0042278804,Happy
51MMeFinCcfpGEn8fUga0M,Angry,0.0032245726,0.55116796,0.3330395,0.11256788,Sad
51VBSWvVy3UD3H2nluQyNQ,Energetic,0.9816896,0.010094119,0.0011495473,0.0070667984,Happy
51ySnZrH1IKwFAd52T9Mqy,Angry,0.0040105507,0.011880955,0.877131,0.106977485,Angry
52764KfbM6Ath62dRfcUQ5,Sad,0.005917941,0.805715,0.177356,0.011011033,Sad
529C9xIcpVlSUataKiZhGV,Sad,0.0045949034,0.5210722,0.08731361,0.38701922,Sad
52LjL3x9tNh6C4eI6SMceX,Sad,0.0052209483,0.9601176,0.026694173,0.007967269,Sad
52d1CVjEhfJF3xf8Y1dr3C,Energetic,0.00415241,0.002938087,0.109791525,0.883118,Energetic
52nTQQahs46s1iHFQ3Wv5Q,Angry,0.0015353076,0.06655677,0.7360153,0.19589259,Angry
52q6Q5kQokKakbdxSQj6IC,Energetic,0.0027319407,0.050288826,0.366202,0.5807772,Energetic
532i1dgoGKIc74TCTOCptg,Happy,0.8572402,0.022891257,0.041443586,0.078425,Happy
537F8BYzIMOZBl75qwCXy8,Angry,0.03944494,0.26987797,0.47318792,0.21748918,Angry
53DrCrChRW5vxUJOQKLBsX,Happy,0.2557463,0.30101013,0.14373726,0.29950637,Sad
53i3FnA4AZEZ8xfC4Rw6bB,Energetic,0.04876493,0.0016892623,0.0036244122,0.94592136,Energetic
54VTceLszCxVoj5f5wVQWx,Energetic,0.024363557,0.9668973,0.003910136,0.004828898,Sad
54bs7ynH8MZud9hSi9LQ37,Angry,0.0011218948,0.029638464,0.859672,0.10956761,Angry
55XEfvRKAkrOYJAeo74YFD,Sad,0.006840263,0.23874937,0.06457262,0.68983775,Energetic
56JRfoDhC6O36NNGcsAnO8,Energetic,0.03560618,0.009776643,0.021573972,0.93304324,Energetic
56MuyAk5qp6KZJcnO1krgA,Sad,0.001096683,0.23179345,0.7590752,0.008034621,Angry
56TOfxnRzSRbFRw8J6C4IT,Sad,0.003140262,0.90143806,0.07540472,0.020016978,Sad
56n7xjncKs9RInEHAmjtco,Sad,0.002854695,0.98721284,0.007226964,0.002705458,Sad
56s8emjdpq3KjecMlyIBkb,Happy,0.0070640445,0.9784641,0.006632,0.007839872,Sad
57CrOQ8gykWwbpPGnqttNr,Angry,0.0058655106,0.0014440913,0.023708984,0.9689814,Energetic
57VT74eLrg6EHCEcTiGGVU,Angry,0.0019467181,0.0021215798,0.19542108,0.80051064,Energetic
582MsAxIq4ri7aLgnn7o7P,Happy,0.67256045,0.016860986,0.0046062507,0.30597225,Happy
58WzoWMSdA3BU7CX2lGMH9,Happy,0.5713615,0.315434,0.079043284,0.03416123,Happy
591tEk8EZ4wcgiDVnbTX8V,Angry,0.0017694315,0.95858026,0.03608817,0.0035621768,Sad
59KkICr2P3gksRXtukBrIX,Sad,0.0024470645,0.9882109,0.0053663314,0.003975811,Sad
59i1Xdul6yg5YRkUMkTrs5,Angry,0.03201568,0.011661115,0.2600382,0.696285,Energetic
5AgvRp6cmvOg5Ryr4mbwqj,Angry,0.002548038,0.007986302,0.96061087,0.028854826,Angry
5AsZ1r0SnVbRwbpa1AHCho,Energetic,0.018907504,0.0015607356,0.00527231,0.97425944,Energetic
5AxLQv5E4v611Ytn49cwtZ,Angry,0.0017385813,0.028865453,0.5217406,0.44765535,Angry
5B2gyPpOBTrxaixIoBct5G,Energetic,0.65996796,0.0033242947,0.01927025,0.3174375,Happy
5BpPO2rBIL6rp2ywE8dPWv,Sad,0.0015512507,0.90381753,0.08198063,0.0126506025,Sad
5CdOqTbLp1dajOFuUqHrCw,Energetic,0.7439374,0.0104424255,0.0030819674,0.2425383,Happy
5DNZbqpxFtBfJLErvO7Vz0,Energetic,0.14338733,0.34120047,0.21868436,0.2967278,Sad
5EJMhtsBE1KYKdyOE18pJi,Sad,0.027796403,0.67427737,0.19152729,0.10639893,Sad
5F7yvFSYob4Qcc4kv3pWBj,Angry,0.007085082,0.8626065,0.11638548,0.013922936,Sad
5F84f7xzGxQcKCzoIbZBip,Sad,0.5257398,0.43919992,0.026181087,0.008879218,Happy
5FUdKTXHweaY5c2a9bGmIB,Energetic,0.24185048,0.005197966,0.041310757,0.7116408,Energetic
5FqAzuHmftjxCW2H1KjLkU,Energetic,0.002061518,0.0051908465,0.016748734,0.9759989,Energetic
5GCL6u4hSfHrGUZPLyJBfZ,Energetic,0.0051391004,0.01723941,0.7842616,0.19335988,Angry
5GvsJLEXJyToDg86RbNGd1,Sad,0.035076153,0.9070619,0.01803778,0.03982412,Sad
5HnEjIeK0hpoMqPY5H4WB7,Sad,0.012674438,0.6906733,0.026995976,0.2696562,Sad
5I6y1KWmUoV5YCaIEcs1qs,Sad,0.100167,0.86167884,0.02667915,0.011474998,Sad
5IaBQjc8iZYsrleSQHBHxH,Angry,0.0015108017,0.026486889,0.6948249,0.27717742,Angry
5IaEafAl7QJbxu9DG1usyb,Sad,0.0021989709,0.9901093,0.0058499156,0.0018417186,Sad
5JDmVwlWTzbwpxm1Qx9oFh,Sad,0.012294323,0.045725584,0.029524887,0.91245514,Energetic
5JNpRjcFliPQTLdCbWwrfq,Sad,0.0038736141,0.9786478,0.011715808,0.005762753,Sad
5JeW8wBfctAeQ0ZpBdcywO,Sad,0.003437589,0.9888287,0.004916123,0.002817476,Sad
5K2CSFx4ZZB4TDCH6BmvAG,Sad,0.028415317,0.6107622,0.053729434,0.3070931,Sad
5K5A7vN58uLrQKOP3TXzBo,Angry,0.0015681554,0.8700123,0.12420212,0.0042174365,Sad
5K5dQsYdSdo2LKdepxbYAd,Energetic,0.006510908,0.03467653,0.16255035,0.7962622,Energetic
5K61BiKVCq2JCZppqJ07IS,Sad,0.0030536805,0.9857948,0.006133379,0.0050181234,Sad
5L0KXt2O5jD2gOFISM2UIJ,Sad,0.0058796103,0.96415263,0.0139010595,0.016066689,Sad
5LJOXv4teFwz0CWzvRDHJt,Energetic,0.0025951664,0.2178706,0.74188054,0.037653744,Angry
5ML9t3cfvJuDTeOLcOH2Bl,Energetic,0.0027643465,0.0016589828,0.014719044,0.9808577,Energetic
5MYmYqVtTgQ41HYJTwAmcf,Sad,0.0028516632,0.49555308,0.47698185,0.024613418,Sad
5O5phEbWzOKD1NBMBtOawU,Energetic,0.20464464,0.0026214132,0.0053738146,0.7873602,Energetic
5OlXrkJIw4PmzOBkF26yov,Energetic,0.25673527,0.0059073884,0.034980062,0.7023773,Energetic
5PKnZzkjs2y3WTbIYtv5Fq,Happy,0.030143052,0.015416125,0.020554302,0.93388647,Energetic
5Pjg7mSNebXiG8h1VCQwki,Energetic,0.0050846133,0.011836312,0.018915491,0.9641635,Energetic
5QXbn35TJQiJ62BxHQLpqi,Sad,0.0015996419,0.97489744,0.020273088,0.0032298025,Sad
5QZ11AHm7xiytOGXGlxQi5,Sad,0.0022971372,0.95683,0.03343312,0.007439658,Sad
5QlQTFY3S5kKjv1F0DkcAy,Sad,0.0026761252,0.96618986,0.027203629,0.003930306,Sad
5QpTdRrmHo772JERVVR0az,Sad,0.10535062,0.81324136,0.06196071,0.019447327,Sad
5R9rUUw15IlOekZLqVZAVX,Angry,0.0014317514,0.014361285,0.9127097,0.0714972,Angry
5S4pfzP68Hm3qq4oiiab7H,Angry,0.57188076,0.088709496,0.08027871,0.25913107,Happy
5S6unkOfA5eZyKsf5SFNM8,Sad,0.0055789966,0.98863065,0.004167113,0.0016232488,Sad
5ScTtWD8RaHuSDDyM2HMoz,Energetic,0.9824818,0.005344251,0.0032348053,0.008939287,Happy
5SfM1f729pv1DdiEcyDiex,Sad,0.005800066,0.53386146,0.31794173,0.1423968,Sad
5SvUoEmMFLaxtBRkESiphs,Sad,0.0032640134,0.8056223,0.18270937,0.008404365,Sad
5T7qfszQEjUfzS4GTvnveE,Sad,0.0027874047,0.97747064,0.015529675,0.0042122426,Sad
5TOUVsGgdv3MBkfey1QcE3,Sad,0.0034542002,0.9872563,0.0059715896,0.003317925,Sad
5U5gA73Bzul4uU9GkEmlHR,Happy,0.76593435,0.18140303,0.006303829,0.04635881,Happy
5VFllKqmcL8ZwWcH7tDLbr,Energetic,0.0059372415,0.00294665,0.091880746,0.8992354,Energetic
5VShlePXPpa2aiPW8fnBtY,Happy,0.9889403,0.0032237014,0.00071872695,0.00711723,Happy
5W0Pub6DIns4tYewiVDlXz,Happy,0.12398152,0.004439341,0.07804384,0.7935353,Energetic
5WAqtAZwS7d1bj3cuA4ScC,Energetic,0.13243064,0.48778808,0.01909786,0.36068347,Sad
5WQ1hIc5d2EVbRQ8qsj8Uh,Happy,0.06914405,0.32628962,0.119798005,0.4847683,Energetic
5WinBEkwdn2jQwm6epQR6i,Energetic,0.034987703,0.011127968,0.024432736,0.9294516,Energetic
5X3IiPW3ce2nwOaFR5aLka,Sad,0.0012375555,0.98355156,0.010843103,0.0043676854,Sad
5XCWrYaIITw0DwdTSP33Sn,Angry,0.096481815,0.350326,0.5121474,0.041044727,Angry
5XGkm1VYnvrJCSPlF85VhY,Angry,0.03768094,0.050051738,0.38886824,0.52339906,Energetic
5XcMJvbsl8OTya8LtFTqzv,Sad,0.0102626905,0.98018,0.006358906,0.0031984744,Sad
5XdSjhBK5rx0bg2o4nCOjN,Angry,0.14924818,0.06781264,0.067857936,0.7150812,Energetic
5YNZlsA6rcnx5E5y6Syh35,Sad,0.00194167,0.99019086,0.0056434493,0.0022240202,Sad
5YVRndpwFV6s1stWQRCMrY,Happy,0.98680925,0.0068228873,0.003735043,0.0026328522,Happy
5YcEeu42eisgNHJeesoJDS,Sad,0.015577933,0.6243555,0.097254075,0.2628125,Sad
5ZJrn0JHRcDRt6dnIDepa4,Happy,0.45777822,0.48994002,0.0081798285,0.04410198,Sad
5ZJrnxlVNseqSqR9QHQLbF,Angry,0.0015432807,0.9742186,0.020812983,0.0034251262,Sad
5ZOo4KGE3Mis8XMCvnomzq,Sad,0.0028316139,0.9874429,0.007244788,0.0024806194,Sad
5ZRNy3Me4MGPNPHlByQXVs,Energetic,0.0029824506,0.8075633,0.095822215,0.09363205,Sad
5ZSl6gDoV6bPPxzmLeneV9,Energetic,0.0015067019,0.016023004,0.788013,0.19445728,Angry
5Zvzva2gweeEU46XEeeFSa,Energetic,0.335808,0.004178541,0.044254303,0.61575913,Energetic
5aTZq3W5xdLxGb0jFxlZxr,Sad,0.0049519963,0.9829539,0.010241539,0.0018526064,Sad
5bUzLqMKtFiTPxe0d8PAWQ,Sad,0.027845804,0.9581444,0.0048893304,0.009120423,Sad
5bVcBqH2gVCvheXGHuQ21u,Energetic,0.060613483,0.19020924,0.16296089,0.5862164,Energetic
5btwmSgKYjxOUrdCOCYafa,Energetic,0.0174783,0.004140537,0.008451865,0.9699293,Energetic
5bwwmXJ4Y3HWE22pNiI6xi,Angry,0.0011630673,0.012415503,0.6972707,0.2891508,Angry
5c5T2ZyOb0T7zDBh3NfW1G,Energetic,0.042185675,0.002581037,0.013891736,0.9413416,Energetic
5d1uSdh8atrw4oS9hz6o8F,Sad,0.03275232,0.81800497,0.090783395,0.058459338,Sad
5eUgahWVLFPszxrRPzOdET,Energetic,0.0055133794,0.0016346964,0.007317256,0.98553467,Energetic
5erxBnOBoDNexTUrrXOhCA,Sad,0.012298092,0.93211895,0.04361767,0.011965288,Sad
5f154Uyu0MKpe0xq7MytpL,Happy,0.0063971584,0.922836,0.051061396,0.019705415,Sad
5fpfxfiVbipzKVD2J3zAV9,Happy,0.84937966,0.13875152,0.003112874,0.008755952,Happy
5g7obIxGMqUOVc1alO37WZ,Angry,0.053942367,0.023297224,0.71019405,0.21256638,Angry
5gMkVfJxdHCbi5bUqpJlhR,Angry,0.024309129,0.09344547,0.8129612,0.06928417,Angry
5gQLy10lI62mi8hQphykyT,Angry,0.0038715638,0.023979144,0.9282454,0.04390379,Angry
5gXYMsXHFOBEAXDZTzYtVD,Sad,0.0021458857,0.90582454,0.086873844,0.005155705,Sad
5gnEqyTtO9ssGiBUWYnKu6,Sad,0.011428833,0.49073207,0.27765194,0.22018713,Sad
5hC2xJTBGBWi4xMtHTMDx0,Angry,0.024018718,0.510327,0.33423108,0.13142322,Sad
5heD1nWIcmpnFQL8SYShVY,Sad,0.0020791227,0.9864885,0.009760021,0.0016723985,Sad
5hfpu8saHLGedbHRtNCYjm,Energetic,0.001381928,0.003067089,0.12523873,0.8703122,Energetic
5iN95E5TazRNTVMv0Z6GIz,Sad,0.0023621754,0.7390516,0.2512542,0.0073320023,Sad
5iOPBZk9knoiw9BGnTHzq4,Energetic,0.002235767,0.007994689,0.042441156,0.94732845,Energetic
5iOxRssZS9ETujFtdvpvHY,Angry,0.11496415,0.02897056,0.61254233,0.24352297,Angry
5jPV3O9mmO8eLbURAfAbGT,Energetic,0.25792012,0.21026818,0.23545048,0.29636124,Energetic
5jed20rEMj5Uhf9uImqWOL,Angry,0.0036373017,0.62027055,0.36323705,0.012855113,Sad
5jl5jAMyWpkR4lEkAGnTXX,Angry,0.002377477,0.18478438,0.79677486,0.016063249,Angry
5kJKOO7eYN9PqHi2An3lRj,Sad,0.0016426179,0.8973799,0.09556061,0.005416965,Sad
5lGjjLMuoo9kqnz9DEa3BK,Energetic,0.003045191,0.0026928037,0.029310737,0.9649513,Energetic
5lPsuQEj6GwZkAn8MMHaqB,Energetic,0.13250498,0.037600983,0.132269,0.697625,Energetic
5le0ErTMGS1zMirOGd0j6A,Sad,0.02311964,0.3771853,0.33450356,0.26519153,Sad
5mGBb9aL0c9T7T646UzhCY,Energetic,0.0039032851,0.9565513,0.016125962,0.023419455,Sad
5mXpQWrAZoPVgp4cV0Avh0,Energetic,0.0012932245,0.0021449116,0.16143072,0.83513117,Energetic
5n7pR4SK5ZGuHHu3AiODJ2,Sad,0.02506299,0.04105171,0.015672348,0.9182129,Energetic
5oNQrX06Tq9XbFX6lffsNR,Energetic,0.053912897,0.008414539,0.053604197,0.88406837,Energetic
5ockBgiJDRZOVNcyCmhBcM,Energetic,0.0144301,0.39861697,0.4427091,0.14424387,Angry
5ooJpstPzU3mYDS3PVstCR,Angry,0.010257964,0.6167291,0.13899574,0.23401715,Sad
5otoba6iKVS58v68A8z9rY,Energetic,0.0045892727,0.0018369172,0.029360158,0.9642136,Energetic
5pOpgWIGITGlthlYiuDYgq,Angry,0.0041194707,0.0060645514,0.113983005,0.87583303,Energetic
5pRZaZYAMwbsBZ0RVHfmVD,Energetic,0.035448283,0.26591468,0.117462195,0.58117485,Energetic
5ptwVOfSmKXfpNt5IeIFoI,Sad,0.004019216,0.69640285,0.28888085,0.010697118,Sad
5pyVqlqThcxI7tPDjHIzPh,Sad,0.002832606,0.93883944,0.036570136,0.021757806,Sad
5qD6spLX6xyPoGaWhQ7aBV,Sad,0.013706866,0.12927459,0.26246056,0.59455794,Energetic
5qUd7Jh8Bmu14QBfwfcwNE,Sad,0.003424177,0.3304086,0.654811,0.01135619,Angry
5qYNfW36a7oNC63S3eODxn,Energetic,0.0058966363,0.0032398584,0.19758512,0.7932784,Energetic
5rY9tgD1vsSXTUiBy7T5V4,Angry,0.003521004,0.3612156,0.6059386,0.029324716,Angry
5sdighSadfa2o9eqtMqGkC,Angry,0.004002339,0.55820024,0.30202025,0.13577713,Sad
5t7VSlim3ULPj2uIDWVi7e,Angry,0.0034507078,0.07327114,0.500835,0.42244315,Angry
5tYgyCuS9CDQVJYIA4cJAs,Energetic,0.007072661,0.0989154,0.25489634,0.6391156,Energetic
5tl4rJiLD4clftiieHbgJa,Energetic,0.012746811,0.0009864991,0.004631901,0.98163486,Energetic
5v1bA7NmQcQHvH9IDkeeF4,Energetic,0.030756885,0.10151451,0.034244586,0.83348405,Energetic
5vVeRtyZAbMcc76MAqDOxo,Energetic,0.0055070412,0.002602228,0.015783463,0.97610736,Energetic
5vZU4yYFvt1fkso0PHWTaH,Happy,0.98574895,0.004449517,0.0013617021,0.008439819,Happy
5vbw9boDHRHLZiv90e2ZVx,Sad,0.0091982735,0.8681287,0.019569937,0.10310311,Sad
5vyficUSpqg3tKysRp7isj,Angry,0.0024773113,0.0080199465,0.18479441,0.80470836,Energetic
5wCzOFjBHPukgN8urpmRrP,Angry,0.8303461,0.068365134,0.021809451,0.079479344,Happy
5wPX5dGV07Q1CJ3FqmwIZK,Happy,0.0019829767,0.9728822,0.012052859,0.0130819,Sad
5wPhznwiMGc1tUojiEkAkG,Angry,0.0013364977,0.0050501954,0.30402747,0.68958586,Energetic
5wuXWTCiKIlNEXfwAuTY1G,Energetic,0.002605875,0.00087424,0.006362289,0.9901576,Energetic
5x2PBjiK66hIWvyuOVl5qt,Happy,0.27336118,0.00587461,0.0063543525,0.7144099,Energetic
5yrqY5yKBuBjIS4luMlgCx,Energetic,0.0043640113,0.0063809394,0.12309229,0.8661628,Energetic
5yyfyGzKdOdrfBWamx8ujB,Angry,0.0015389044,0.015383962,0.9652912,0.017785987,Angry
5z3pVUZn4sNAiW7XS8at3s,Sad,0.0033942943,0.9877351,0.005896864,0.0029737102,Sad
5zEydoWVKbFgf0NVS5Fh3x,Energetic,0.20956889,0.0766577,0.17091943,0.542854,Energetic
5zGElc4Fk95ONl7YihpLFN,Sad,0.0011908364,0.9792757,0.014262025,0.005271397,Sad
5zlSTZhZq6rXL4Xn2PBayO,Angry,0.0032555033,0.023755712,0.22839911,0.7445896,Energetic
5zoL0Vp8f4q6epNftjTyhw,Sad,0.006858108,0.90084934,0.07473386,0.017558662,Sad
5zxp37YfQ781NJOVCbJq3J,Energetic,0.0052745687,0.0040202914,0.08919263,0.9015125,Energetic
60lbmlHBEumWFEKKFQso8D,Angry,0.0027736744,0.03309539,0.87448305,0.089647904,Angry
60tcahoglu9NKNoYpO6292,Sad,0.0016507928,0.93380594,0.06163507,0.0029082296,Sad
61P4TK0xIXe836V9LPTuJ4,Happy,0.7685545,0.14146365,0.0067038476,0.08327799,Happy
61Tq9jwVChhBxYzmJah9lO,Happy,0.4419198,0.32736427,0.20986019,0.02085575,Happy
62EjoenBrt65eBd4RgFYRi,Energetic,0.01777502,0.087701455,0.10279778,0.7917258,Energetic
62rKHUsICrry8kuqL50xxA,Energetic,0.75389576,0.030173069,0.008474355,0.20745681,Happy
62xlmEf8F6cGaklPqpUtM6,Sad,0.031844713,0.92569906,0.013364637,0.029091641,Sad
63DSZlAY5ffIWeefEt2MKG,Angry,0.0023358786,0.9535636,0.039803833,0.004296693,Sad
63DYiyq2TeTCKerbfr5HLE,Energetic,0.08192092,0.004500801,0.0038410788,0.90973717,Energetic
63ozEQOs0tgwwCeVmH2mZi,Energetic,0.001757336,0.0046994616,0.028784404,0.96475875,Energetic
65IvWhK14TU42ynBkg4IfU,Angry,0.0016531148,0.05460508,0.89116997,0.052571855,Angry
65RDmq6r8QUM5UBCCD7Rqj,Sad,0.0017025688,0.63527626,0.33269456,0.030326532,Sad
65dalI2zUxJy2ITurZAaUb,Energetic,0.008592252,0.05049646,0.9102505,0.030660799,Angry
65g8hmcJ3s0czEHkiAvFHr,Sad,0.0036476105,0.01471382,0.06956962,0.91206896,Energetic
66bYlWIAjSeivMNuyZbR0E,Angry,0.0040374324,0.2596202,0.65714496,0.07919742,Angry
66euzaqSJ1ZHrFGhKLCyme,Happy,0.069448255,0.520915,0.19163136,0.21800546,Sad
67VWcesScZvjGPpyXSDSSW,Angry,0.001089092,0.027005877,0.9625022,0.009402865,Angry
67yy5WKIBbuDjPxP3Faewa,Sad,0.008306198,0.89784753,0.03993281,0.05391345,Sad
6832eEFM3vWorspG8wMvh3,Sad,0.005315779,0.9734256,0.018251102,0.0030075903,Sad
696ASsF27uNopkRK4TKMhV,Sad,0.0113407485,0.71008945,0.2607489,0.017820917,Sad
698R7h4SU5zyNil1iReHAX,Angry,0.01166039,0.69297373,0.2710014,0.024364453,Sad
69Om1tpdp5JxrtgqKqdiAY,Angry,0.0072178687,0.17329025,0.57196724,0.24752454,Angry
6AEsm23i8bLdMy14EVpJ5u,Happy,0.30659795,0.008597533,0.017505752,0.6672987,Energetic
6AsggmcL90sr3e0KX15OKe,Energetic,0.0068217614,0.016384104,0.92200774,0.054786325,Angry
6B2jCsxTgUC6rURVq9MrX3,Energetic,0.0053542694,0.0013262414,0.007038226,0.9862813,Energetic
6BB7WGnYYH690VSE8EYxke,Happy,0.9852459,0.008500586,0.0023464514,0.0039071175,Happy
6D1i1hoMyjs843XbMhNq8J,Angry,0.06750277,0.013400535,0.068383016,0.85071373,Energetic
6DivINwJ6U6KicOLJDbVwc,Sad,0.0028126894,0.9049969,0.0834561,0.008734317,Sad
6DmrBNnzWCxAqg7dVk8SML,Sad,0.0020452712,0.9842449,0.008623318,0.005086494,Sad
6EnEzdIiwEjHDzClcH6Tiv,Energetic,0.12697169,0.0067280177,0.10864173,0.7576586,Energetic
6FPNkIH7t1mR1pa6TLmGFu,Happy,0.97341406,0.01773019,0.00408034,0.004775419,Happy
6Fim0qIZYrp6eLD4Y5djOa,Energetic,0.16671553,0.006276697,0.004777208,0.8222306,Energetic
6FrNpMmnUUumwqphuew2I8,Sad,0.0146373855,0.95709354,0.020348586,0.007920473,Sad
6GJUCsCpN2J4UP8OIEnH8k,Sad,0.0036839985,0.8748595,0.11471458,0.0067419345,Sad
6Hguwn5eM2qL6RWlUn7oYJ,Energetic,0.0022581571,0.009004641,0.53139216,0.457345,Angry
6HkcmUinmSAuunDNHmvCoE,Energetic,0.002624903,0.016449925,0.51543653,0.4654886,Angry
6IpYgAtkoBjRh0aLd6Uyko,Energetic,0.0023697931,0.0007991288,0.004651827,0.9921792,Energetic
6IxGVlmZlYIp0RUwKnR6oc,Sad,0.0028018751,0.9833636,0.008086769,0.0057476982,Sad
6Ja76N5EcdHrZCGfsWNeGo,Sad,0.8806435,0.06030653,0.008932061,0.050117914,Happy
6Jcv1LxQNfgJIcvrYc6Tro,Angry,0.006457746,0.6400875,0.17886527,0.17458947,Sad
6Juz7wRQ2YeAbCFXM7g7Na,Angry,0.008724018,0.050201453,0.86139566,0.07967882,Angry
6KIEfLIfSHGZBwlco6YCAK,Energetic,0.5138683,0.008916439,0.014197074,0.46301818,Happy
6L8L0AAupUq6cLsY2S6y3y,Energetic,0.029020755,0.0014486146,0.005381504,0.9641491,Energetic
6LC3IPacIoqKJuLQgPNhxe,Sad,0.27803043,0.594826,0.0502256,0.07691799,Sad
6LJvGVyy51JqTxZQpu1bIZ,Angry,0.0020610339,0.018570075,0.95342696,0.02594188,Angry
6MHTCbF6gHK2lDtFryxeqo,Sad,0.007840501,0.76006156,0.05432118,0.17777675,Sad
6MbxtmdQYE6eljl9sntLZt,Angry,0.001532332,0.14772022,0.6370448,0.21370263,Angry
6MrILERJLA3Jcq0E9poZsp,Sad,0.0033117447,0.9907918,0.0041427277,0.0017537582,Sad
6MzHeVJg0UvBr8pWPhUTpL,Sad,0.0010054513,0.9665786,0.028158244,0.004257651,Sad
6N9K6RSeolzDFkmxmtuKPb,Angry,0.0014951731,0.025278563,0.8737223,0.099503905,Angry
6NgNbaIw3VpwcqlXXf4IPG,Happy,0.968376,0.008538234,0.0028305273,0.020255266,Happy
6Ngr5nMjQnjg7CJQCDZsci,Sad,0.0023426812,0.31047505,0.61556023,0.071622014,Angry
6O5Y7kRhLWtQP2j1hTFHqL,Angry,0.0018475712,0.12285806,0.61112696,0.26416743,Angry
6OPvwHCCkY8feo0d8WRsCQ,Energetic,0.11174735,0.054956507,0.2421457,0.5911504,Energetic
6OQ83XU84FwQ7DpJUirkvf,Sad,0.0025754005,0.95399904,0.039522763,0.0039027787,Sad
6P1T2INcCzOMQG3l2cP3IQ,Energetic,0.00765768,0.009942598,0.08057627,0.90182346,Energetic
6PXVq0EsZuMCqmJEiNbES1,Energetic,0.0019216777,0.0014642788,0.009853639,0.9867604,Energetic
6QAos17FKjOEwe7zRIoUuc,Angry,0.0014506193,0.1844705,0.696347,0.117731944,Angry
6QKcppdIA1F7B5Jm6Lb1R9,Energetic,0.1056345,0.0032741837,0.005505193,0.8855861,Energetic
6RZ5XQLz2HG5TtnNLtZxdp,Energetic,0.4937803,0.011978532,0.04029144,0.4539497,Happy
6RvqfG9zOWDNQSoBUxSvsX,Sad,0.00453887,0.9568696,0.027221264,0.011370259,Sad
6SZZ6QLs1eHaFBOirOp33M,Angry,0.0028959813,0.3261283,0.6231599,0.04781582,Angry
6TeK891HnxIWidLOVWLXNQ,Angry,0.0049510333,0.45981306,0.35311335,0.18212253,Sad
6TeYnE4A7jTMGsIXdWYruK,Angry,0.0056139,0.054529376,0.6733365,0.2665202,Angry
6TfgVX8BNznmhtA5d4S2MW,Sad,0.0061933,0.83564234,0.10288212,0.05528224,Sad
6U2PmxInUc6tR5C55NwQCN,Happy,0.025670717,0.9539587,0.005198939,0.0151716545,Sad
6UensgJhh3DhD7JLZPNrBz,Happy,0.011649761,0.15814081,0.36553174,0.46467763,Energetic
6UxAKocZd98MRn0u5obryV,Sad,0.0020534715,0.9899929,0.005545817,0.0024077867,Sad
6VGrDeWDhgVlyljWdEFT9r,Happy,0.69500387,0.0046054423,0.0025485274,0.29784212,Happy
6VnVvzkCt68LWNS0QX3LEK,Sad,0.0025510965,0.9858894,0.004909114,0.0066503724,Sad
6W8192rAGrZpV41qIZvb0a,Angry,0.0013646596,0.07981354,0.9077604,0.011061426,Angry
6WR1FDn5HIuKtV2k5rFKMw,Happy,0.9654865,0.0045844056,0.0046152007,0.02531384,Happy
6WZbz5DrLJzFXaxAOBgsHc,Energetic,0.000893675,0.009477037,0.9097886,0.07984071,Angry
6XZdlIz31fX7CoHoghD81L,Sad,0.19748749,0.52575845,0.092539,0.18421504,Sad
6YXeBOxF8SriCgpRgRukIO,Angry,0.012300638,0.117578186,0.70764977,0.1624714,Angry
6ZbPvkhBh5QzfZiOStvqS4,Sad,0.010090394,0.1836608,0.69010377,0.11614502,Angry
6ZiAcehTywWQXUSE844e94,Angry,0.021607224,0.15310386,0.6384078,0.18688107,Angry
6aNkWCl8eDYfVnCuhjccrr,Happy,0.4416964,0.3615112,0.044855252,0.15193717,Happy
6aj42c9Zf45aqhnkYWDCiq,Angry,0.012859719,0.03182198,0.8545279,0.1007905,Angry
6arE1lr4B2jsrWP1GBIkYH,Sad,0.002435083,0.9886969,0.0068073617,0.0020607295,Sad
6bGMSP3H9YqkmaLnaJTIoF,Sad,0.0057329684,0.9442422,0.02948971,0.020535143,Sad
6bt1R3HFqITysmy3W88M3c,Sad,0.0025647334,0.9572806,0.038012683,0.0021420182,Sad
6btxgdVaxWaNK6Lha0zynh,Happy,0.90236115,0.09112892,0.002003812,0.0045061572,Happy
6d1irliH1b7P2cBAaPqc4g,Energetic,0.012590009,0.04016961,0.06641614,0.88082427,Energetic
6dAv9QYPIYTrQ8tbe9zOhF,Angry,0.0012767803,0.2655291,0.6964824,0.03671165,Angry
6dB8978aNpxv00JwIY3gui,Energetic,0.0008466985,0.03637474,0.9386263,0.024152337,Angry
6dugx9WBSS8TDxbKqp9zmj,Happy,0.0037667777,0.01350719,0.9366703,0.046055768,Angry
6fmHTyvPIWTYk5ytny9iVT,Sad,0.005150793,0.98716915,0.0049264855,0.0027535395,Sad
6gRNHsOFHyfAq5OJkzDT7M,Happy,0.61679286,0.25250268,0.034061022,0.09664336,Happy
6gS5J2OxCOFEkIok8RHRq4,Happy,0.051933113,0.0021628155,0.016748123,0.92915595,Energetic
6gdpK1jlHEvEYnOEJeSJoq,Sad,0.0060220435,0.922791,0.04332828,0.027858729,Sad
6h6RvArm9RlU16rz1nFMnE,Energetic,0.003222629,0.010232711,0.46769518,0.5188495,Energetic
6iR8WwzJEcuY5dvfzsJVJ0,Sad,0.0032992938,0.9902442,0.004080585,0.0023759594,Sad
6igARq7X5R6i1PxOs27Ter,Sad,0.026704816,0.9541087,0.014568684,0.0046178326,Sad
6ioeundMi72DPscKqrFGPS,Angry,0.012590262,0.03232202,0.5293215,0.42576623,Angry
6jcs6pmPeZwtwHvZ4bDg7Y,Sad,0.005374007,0.6147637,0.36928686,0.0105755,Sad
6jf6SD5wAeqvSa1dsZskn2,Happy,0.99252,0.0025907026,0.0017030742,0.0031862266,Happy
6jico9Z2EAWo6mZURyK8BJ,Sad,0.0028366218,0.9374388,0.056530233,0.0031943757,Sad
6jzcH38jpn6m9azOyDF46U,Sad,0.006763166,0.66487837,0.31515837,0.013200099,Sad
6kTaZzbZ7zA9CKXXbJM6wh,Energetic,0.0018462181,0.011172276,0.35768807,0.62929344,Energetic
6kYUmFhAM8DlGeuscXGkrP,Sad,0.0015831024,0.9491103,0.046646975,0.0026596026,Sad
6mBbycgdWgHMPNyJLCEoW6,Energetic,0.059759665,0.004312215,0.010307038,0.92562103,Energetic
6mYit9pOUATO0zG7e732iQ,Happy,0.981431,0.005084113,0.0026104804,0.01087441,Happy
6nOG7P1UzG9vqhBtB9Bdab,Energetic,0.0033989435,0.0009771776,0.010436725,0.98518723,Energetic
6nSgCR6L3qregw83bzprhx,Energetic,0.9256375,0.011873117,0.03328271,0.029206695,Happy
6nXji8KfxsFxflFwakbvnf,Sad,0.002479948,0.9845526,0.008985132,0.003982268,Sad
6nZdUZIN5sSFHxT7vWmKac,Sad,0.0047381306,0.13271673,0.849295,0.013250178,Angry
6nwP5QwiwdxfcXTuEI4caZ,Happy,0.11378409,0.0163158,0.18268354,0.6872165,Energetic
6oTMpHnEz5cBswmDlEM91I,Sad,0.19455886,0.006473138,0.008802626,0.79016536,Energetic
6poSj421APCLaJXWkycLEq,Energetic,0.003974156,0.036012396,0.9284835,0.031529985,Angry
6ptxvaH0FFjSJeU1d20WRL,Angry,0.008256585,0.3878977,0.5383195,0.06552622,Angry
6q0P8glY2dHuZjqTt89eo4,Sad,0.0021774708,0.7198556,0.265756,0.012210924,Sad
6qykR5qOgHG5LE1PxdKJba,Energetic,0.0028238012,0.0066099456,0.021532157,0.9690341,Energetic
6rMHnfBXYsuNmoutXl4Ivm,Angry,0.031959143,0.016615126,0.22843346,0.7229923,Energetic
6s4BIJDkW53FF6FgY1YFGn,Sad,0.0039021475,0.9627304,0.023278555,0.010088855,Sad
6sb81E87XTUYMERvEw2ihS,Energetic,0.25685126,0.008365074,0.0056839846,0.72909963,Energetic
6supMAknraGpJrN5qqYfV8,Energetic,0.17846301,0.007316134,0.04261672,0.7716041,Energetic
6tgpDDzfb4MnzpFs2Npr21,Sad,0.0022718487,0.9832876,0.010096652,0.00434391,Sad
6tsVFchreYTt2OPXSOoFCX,Energetic,0.006932708,0.002292951,0.054636046,0.93613833,Energetic
6vEjMvRhkAkNwbpbMvpZ8R,Sad,0.0027092465,0.87498564,0.11006731,0.01223781,Sad
6vPgHC8IiYBLJ4x2rR3MVX,Energetic,0.0052739545,0.006404996,0.6087766,0.37954444,Angry
6vusXFZSWwWGznEXxWIwjB,Happy,0.7824446,0.058476333,0.027818639,0.13126047,Happy
6wRxTFgFnVASCS0LkRyf3q,Sad,0.0015591832,0.9042678,0.08866568,0.0055073886,Sad
6wZYxok5OMWAZh8r91vFEL,Sad,0.34289458,0.46973717,0.04402007,0.14334813,Sad
6xniBg7UJ03jcyvOgfWVJk,Sad,0.00431973,0.97669566,0.009037958,0.009946603,Sad
6yFZTADTiDmz1RtAX3AN3t,Energetic,0.22649948,0.03439055,0.016596202,0.72251385,Energetic
6yoRcAvgoIqS6eL8kpJBxF,Energetic,0.0016968101,0.0032009245,0.15949552,0.83560675,Energetic
6yxT5JAhbpHGGTHC8oPRW1,Angry,0.0035287489,0.09461634,0.8251205,0.07673448,Angry
6zRfCDf8zKs7Bqf9Zyf9aP,Sad,0.0041368287,0.98020107,0.010313799,0.005348287,Sad
70XFKYHg9OVJJJLxyfY7cN,Energetic,0.007852087,0.010723934,0.13441841,0.84700555,Energetic
71hXKEDaKHgYrn7kdLFpOx,Energetic,0.0035526361,0.0018085849,0.03999953,0.95463926,Energetic
72TAyXLJ38I2njSoJj7vPo,Energetic,0.0039807204,0.007853158,0.7954395,0.19272669,Angry
72i8xYqxe6BikDlKH4ULiZ,Sad,0.0020691208,0.9738102,0.014192335,0.0099283345,Sad
72lQ4uT0Jnoe1aU4Voy587,Angry,0.002601476,0.06301038,0.9237717,0.010616386,Angry
72oUFe74PKoNavPIWpMhQE,Energetic,0.024998093,0.003672607,0.021342644,0.9499866,Energetic
73RGk8cMNqyF6cRNSniyO3,Sad,0.13719885,0.7592156,0.056160346,0.04742521,Sad
748qXOsL8DZmDGBm8usZIi,Sad,0.0035365778,0.55533403,0.42254502,0.018584352,Sad
749ZUdCd2sGwGZfAPnZJos,Happy,0.11800505,0.20923643,0.16317238,0.50958616,Energetic
74RfqXxDsrVFuWMDYh5Xjs,Sad,0.003731241,0.7280238,0.20544356,0.06280137,Sad
74iykpxRgSMvSeFefGLMMY,Sad,0.0033162087,0.99080515,0.0033998885,0.0024787602,Sad
75E3aWdtU0Nn6tig0XUhHW,Sad,0.0021527738,0.9825677,0.009001276,0.006278222,Sad
75vFOv4bnB9fETRTtUQBZF,Sad,0.002405034,0.9893885,0.0044509065,0.0037555064,Sad
76Q8TEywuOHE1QjwwDtJJU,Sad,0.0055161817,0.96479034,0.0072296383,0.02246394,Sad
76SWaz9o0AVlvEzKIgPkcm,Energetic,0.006490372,0.35570177,0.049131796,0.58867604,Energetic
77W1KUixT5nPnO8uVMduzM,Energetic,0.3801384,0.034270592,0.17639126,0.4091997,Energetic
783A5w5pzszclz7mfV7DgQ,Energetic,0.41911507,0.42777932,0.0381099,0.11499571,Sad
78faYu9ZUtyFpLjgVtidjt,Sad,0.0077516697,0.86932504,0.10273457,0.020188695,Sad
79IlRkEO5OkSwLT1qEwPU3,Angry,0.0026685272,0.034875285,0.9359291,0.02652707,Angry
79TCwUjcFGuGGjkG8y5hYa,Angry,0.023618467,0.6616973,0.24603666,0.06864761,Sad
79fwgYi0nxAn2Zda7sHlmC,Happy,0.9786441,0.0053300965,0.0010108826,0.015014993,Happy
79mhsUX2cRalmIMxZKYkMH,Energetic,0.9459702,0.021720327,0.004218011,0.02809158,Happy
79pHZHUuVXmNWS90jSPZJq,Angry,0.007341731,0.7178797,0.24044046,0.03433811,Sad
7AEBa0RkzFSebX4HLSBskJ,Sad,0.008350062,0.5749964,0.25957108,0.15708248,Sad
7AcfnL7EkHvhQCkWo9NPXH,Angry,0.0022575282,0.04781492,0.93848884,0.011438714,Angry
7AgcqXTBcGqMPaYCCPYLnM,Sad,0.559769,0.3558329,0.030517606,0.0538805,Happy
7AqxDBZgZzh9OVt6BXxnKh,Sad,0.002000266,0.9694325,0.022815943,0.0057513546,Sad
7BAHiGBqxqHA5C5znO7zxP,Energetic,0.0023867162,0.008806202,0.86999846,0.11880855,Angry
7BH6F9s25KlODzOqv0jTcH,Sad,0.0014205417,0.9782077,0.015955966,0.004415801,Sad
7BQaEWbaOlGq39cOyCrUJi,Energetic,0.9578371,0.0017584902,0.0018712633,0.038533114,Happy
7BRDijzjG3wOytokHdeBwB,Sad,0.002067301,0.93382406,0.060335837,0.0037727274,Sad
7Bmo1L24zfcPK54Jkv0nmg,Sad,0.0021193502,0.4698165,0.5045344,0.023529716,Angry
7CMqiywfOBsooHdMF1SU7q,Energetic,0.009602625,0.9406773,0.010035321,0.039684772,Sad
7Ca3Zb8wejNYCoei3tlJ9e,Sad,0.0038280191,0.9900052,0.0041821804,0.001984606,Sad
7CzxNigsNT4FytImLkQukx,Sad,0.5489931,0.043922905,0.059351444,0.34773254,Happy
7DFmgKPez4wZiZl37lC2Jd,Sad,0.0044696927,0.8836712,0.0940007,0.017858388,Sad
7DbD8h3cdBbylFtHH5xTAr,Angry,0.014464531,0.0058668638,0.05321313,0.9264555,Energetic
7DnVJ2yVA6pza7a3BFkgcY,Angry,0.0034734593,0.0150929,0.14072648,0.8407071,Energetic
7ENWIvjTGgYJgd8tLoUgvN,Sad,0.023646854,0.38527742,0.028275661,0.5628001,Energetic
7EWKOfLgNr9f1NgQZkRIzp,Energetic,0.00844879,0.2792841,0.6715868,0.04068033,Angry
7EqTJ13M5b2nHfuFFzaqBj,Sad,0.0061393045,0.95643926,0.022575041,0.014846337,Sad
7GPkaA7ZYLKOsZylGPoxDQ,Happy,0.9441667,0.022603177,0.0037183755,0.029511683,Happy
7GWVwlM9tWapiDgbRFi4Qc,Sad,0.0022514332,0.987468,0.007633363,0.0026472285,Sad
7HCTdejBOLzJSSLg2ND0ul,Angry,0.007108957,0.96099174,0.018295504,0.013603792,Sad
7HH2qGXywdgAn5b2WHnkQq,Energetic,0.737487,0.07604366,0.008134301,0.17833503,Happy
7ITdt0me2VEjKchX3iPzKp,Sad,0.0018073181,0.89958686,0.09464463,0.0039612204,Sad
7JoHZjJZPCC5p9zyH0XzDY,Sad,0.0031102542,0.98388726,0.0069122,0.0060902643,Sad
7KC13bS7eUYeXcRXvfYhAy,Energetic,0.0075571598,0.0021741982,0.009756184,0.9805125,Energetic
7KNBvtea0fhcxWHrBoBV7e,Energetic,0.47808546,0.0029474557,0.0035152659,0.51545185,Energetic
7KPND5ztEFNvvCROp5lRQq,Happy,0.026503112,0.0033556796,0.014006254,0.9561349,Energetic
7KbBsppl8btuubLTUXNzMW,Sad,0.0017221497,0.9771006,0.017022176,0.004155042,Sad
7KhqnPCq5sh65i0yVXKu1i,Sad,0.0050151837,0.97060174,0.007423754,0.016959345,Sad
7KivgZHejmMGjFHFsVUt77,Angry,0.0053371754,0.3209705,0.5321176,0.1415747,Angry
7MPF68TAGCdXok6gBD6hIh,Energetic,0.007537805,0.11722589,0.22427413,0.6509622,Energetic
7MhZa55xSOwyRQTsafEEjX,Energetic,0.08881686,0.004078101,0.021524332,0.8855807,Energetic
7aHS9MdIBgmkedKRFhjFEK,Sad,0.0065706973,0.96313035,0.01871512,0.011583842,Sad
7b0yiad9yxqvw3YcHqUeHJ,Angry,0.002686515,0.060807172,0.87922657,0.05727975,Angry
7brHDO7fxcHSEWucncdyJo,Sad,0.0044065956,0.8703838,0.11220495,0.013004685,Sad
7c3SbTuufigBWURcICnAWy,Energetic,0.023861036,0.006241211,0.0089011,0.9609966,Energetic
7dcycoom9Xmw4MlFXgIBMb,Sad,0.0070958,0.9553696,0.030690439,0.006844115,Sad
7ekDU9b1SPLeiGVMAWBoaz,Sad,0.0061078323,0.98757696,0.004419337,0.0018958672,Sad
7f2pJ0efMIZO33g3mF4oj6,Sad,0.038506392,0.56273484,0.24703594,0.15172283,Sad
7fPwri4MAk36MfYUzdvnoL,Sad,0.0043576853,0.91371757,0.048859306,0.03306547,Sad
7fW1OwQPexk5OWCj7CSpqU,Energetic,0.07880299,0.0045551322,0.023128467,0.8935133,Energetic
7g26A7G0o9qIyjOB4EqAUL,Happy,0.8297144,0.16047782,0.0050448794,0.0047629,Happy
7g9orjpDnXLzdVGi0UmbRq,Energetic,0.100829646,0.22322917,0.33840212,0.33753908,Angry
7gQ45Hg7cotrtTUswNKbml,Sad,0.0031559702,0.9761861,0.008759092,0.011898828,Sad
7hEsja7CJukCIn6VcbgD7r,Sad,0.003529669,0.98765707,0.0042105443,0.004602687,Sad
7i9EC84NzoTHOux5h3omvU,Angry,0.0050096945,0.011115998,0.4604398,0.5234345,Energetic
7iWku14DAw9BS3mftbVEeK,Happy,0.335505,0.0024807139,0.0040706783,0.65794355,Energetic
7ivvYukBBkyHCr4YQMVot5,Sad,0.007446371,0.27884498,0.04333038,0.67037827,Energetic
7ji2ZazWcNZ0ZJ6353mnuk,Sad,0.007498321,0.96077275,0.026942987,0.0047858995,Sad
7kYgRZwVlq9a3lvHGHunrb,Sad,0.0013570301,0.9889902,0.007223389,0.0024293473,Sad
7mTXXQLhBp3W0UCx4bLfYf,Sad,0.0016988106,0.96763444,0.016521424,0.014145356,Sad
7mWENhYfx2XuUrcG9iQYxW,Energetic,0.020534523,0.07684511,0.25212365,0.6504967,Energetic
7mmgC0XX7kdYsXGyH0nZSM,Energetic,0.0042908923,0.0057435,0.056226,0.93373954,Energetic
7mtUxnXHXr5VB6Q27Mwzzy,Sad,0.034289908,0.49987397,0.019615093,0.44622108,Sad
7mwLlFNlWD4AOFoxPJTPwn,Energetic,0.011680363,0.10916729,0.103634484,0.7755178,Energetic
7n8f8aitwsavRuJHgvb0wj,Sad,0.002251379,0.97430146,0.008305224,0.015141972,Sad
7olEAUr3wNf2EfYGgHPS9Q,Angry,0.0014274479,0.028463101,0.85332215,0.11678733,Angry
7ouZzOt2Dp1rfHtB9UTdCd,Sad,0.0022162704,0.921227,0.055646475,0.020910248,Sad
7pHdy7dAtXzc7x6dASi39v,Sad,0.0030707333,0.99057347,0.0037492835,0.002606505,Sad
7pI4BJIbzF8rmMcIE9OZxf,Energetic,0.054220777,0.017748537,0.23501275,0.69301796,Energetic
7poDCUphuuR4mpZ2iqbxcm,Happy,0.24170059,0.0050359205,0.0057308017,0.74753267,Energetic
7q4rlo4HRlaKKIKaQLzuyc,Energetic,0.46669668,0.5082404,0.0102766855,0.014786212,Sad
7qI8rA8eODHqy0jqkJg1v4,Energetic,0.0037875192,0.014514248,0.49404126,0.48765704,Angry
7qWS5jHm5I5wJtsbchm7YL,Happy,0.98794925,0.0057156985,0.0011746971,0.00516039,Happy
7rIUsl93yY3jAbecG38QsE,Sad,0.0041469857,0.10868435,0.8367871,0.05038154,Angry
7rVMvsuJUTX4lopckjzcuU,Energetic,0.007389348,0.0011702748,0.012120096,0.9793203,Energetic
7sWw58tK45l45QdWzUAVzt,Sad,0.0032644814,0.82900286,0.14996453,0.017768137,Sad
7sgxxcpYukTLJZUXVfBV8S,Energetic,0.0025802054,0.103188254,0.2557951,0.63843644,Energetic
7tSYFzcOTDxe6PJqImBsb5,Angry,0.00192966,0.009047133,0.9618195,0.027203701,Angry
7thhWP37F1tHFcrnwLNaao,Energetic,0.015946694,0.4626687,0.18900745,0.3323772,Sad
7tmOIPfijTdeSOtrSBcyng,Sad,0.0085982755,0.9783386,0.008222859,0.004840253,Sad
7tokOMPzSHbLJVZh8an2Nq,Energetic,0.003899644,0.4871019,0.12011663,0.3888818,Sad
7vZokNbRWMwFv7KklFvMlr,Energetic,0.0038823746,0.010658316,0.013314633,0.9721447,Energetic
7vsuIuMo2sIr17f4FaYuun,Angry,0.008182388,0.06962485,0.4524574,0.46973538,Energetic
7wL9EVloIobMw22rT7Ve8x,Sad,0.009058925,0.8987505,0.06676945,0.025421092,Sad
7xVLFuuYdAvcTfcP3IG3dS,Energetic,0.002702011,0.0025857738,0.16882838,0.8258838,Energetic
7xjLcYFdQIMCcijPH7zxCc,Energetic,0.0031866732,0.5738358,0.15800731,0.2649702,Sad
7xknsYmERlLoA21bHzYU9m,Angry,0.02174553,0.2744992,0.6663924,0.03736287,Angry
7yM8VhcFI0y5YJltspCscO,Energetic,0.005625743,0.39379132,0.48158047,0.11900239,Angry
7yYQ4sXKC00RTiZ8sZwsUa,Angry,0.0023188565,0.00895103,0.7782456,0.2104845,Angry
7zRA4O0YpVAmg3wLzkeP1H,Sad,0.20629281,0.34757426,0.109579414,0.33655345,Sad
7zulua0I1rbhbStBxJFuno,Sad,0.0139179,0.9376831,0.044991743,0.0034073035,Sad
